name,county,latitude,longitude,year,acres,structures
Rim Fire,Tuolumne,37.857,-120.086,2013,257314,
Powerhouse Fire,Los Angeles,34.585595,-118.423176,2013,30274,
Mountain Fire,Riverside,33.7095,-116.72885,2013,27531,
American Fire,Placer,39.12,-120.65,2013,27440,
Springs Fire,Ventura,0,0,2013,24251,10
Aspen Fire,Fresno,37.279,-119.318,2013,22992,
Silver Fire,Riverside,33.86157,-116.90427,2013,20292,40
Salmon River Complex,Siskiyou,41.32,-123.176,2013,14754,
Corral Complex,Humboldt,41.035,-123.488,2013,12503,
Deer Fire,Tehama,40.04263,-121.85397,2013,11429,
Clover Fire,Shasta,40.498332,-122.535496,2013,8073,201
Chariot Fire,San Diego,32.95435,-116.47381,2013,7055,149
Panther Fire,Tehama,40.190062,-121.595555,2013,6965,
Grand Fire,Kern,34.7861,-118.9411,2013,4346,
Grand Fire,Ventura,34.7861,-118.9411,2013,4346,
McCabe Fire,Sonoma,38.8167,-122.8498,2013,3505,1
Summit Fire,Riverside,34.288877,-116.941311,2013,3166,1
Morgan Fire,Contra Costa,37.90757,-121.882582,2013,3111,
San Felipe Fire,San Diego,33.12111,-116.52579,2013,2781,
Swedes Fire,Butte,39.446268,-121.38236,2013,2462,7
DeLuz Fire,San Diego,33.341,-117.3092,2013,2236,
Fish Fire,Tulare,36.208,-118.444,2013,2060,
White Fire,Santa Barbara,34.55048,-119.82429,2013,1984,
Carstens Fire,Mariposa,37.58202,-119.91071,2013,1708,
Falls Fire,Riverside,33.62236,-117.40288,2013,1383,
General Fire,San Diego,33.04458,-116.5209,2013,1271,
Power Fire,Tuolumne,38.25108,-120.02778,2013,1070,
Pfeiffer Fire,Monterey,0,0,2013,917,
Shirley Fire,Kern,35.707,-118.588,2013,794,
Rancho Fire,Kern,34.882,-118.9194,2013,712,
Lake Fire,Los Angeles,34.49149,-118.610044,2013,712,
Water Fire,Kern,34.90327,-118.93388,2013,612,
Kyburz Fire,El Dorado,38.774,-120.298,2013,572,
Mills Fire,San Bernardino,34.071556,-117.048397,2013,534,0
Plumas Lightning Complex (Hough),Plumas,40.00842,-120.764666,2013,513,
Gorgonio Fire,Riverside,33.894055,-116.855019,2013,510,
Fox Fire (formally 3-7 Fire),Modoc,41.2415,-121.035,2013,502,
Branch Fire,San Luis Obispo,35.15832,-120.05131,2013,500,
Kirker Fire,Contra Costa,37.96866,-121.91453,2013,492,
Rolling Fire,Madera,37.015575,-119.78106,2013,482,1
Gobblers Fire,San Bernardino,34.302,-117.598,2013,413,
River Fire,Inyo,36.602575,-118.01651,2013,406,0
Putah Fire,Napa,38.628,-122.289,2013,376,
Tres Pinos Fire,San Benito,37.160346,-120.937494,2013,354,
Jurupa Fire,Riverside,0,0,2013,311,
Summit Fire,Butte,39.439,-121.497,2013,305,4
Shelton Fire,San Joaquin,38.04993,-120.90325,2013,303,
Lone Fire,Butte,39.434183,-121.576804,2013,298,9
Becks Fire,Lake,0,0,2013,296,
Concord Fire,Contra Costa,39.90465,-121.74367,2013,274,
Gold Fire,Madera,37.116295,-119.635004,2013,274,
Madre Fire,Los Angeles,34.149,-117.908,2013,268,
Lyon Fire,San Diego,32.710918,-116.746023,2013,263,
Sharp Fire,San Bernardino,34.35,-117.62,2013,243,
Vasco Fire,Alameda,37.775057,-121.737213,2013,240,
PFE Fire,Placer,38.729297,-121.380862,2013,237,
Daves Fire,Glenn,0,0,2013,226,
306 Fire,Glenn,39.514139,-122.560862,2013,217,
Tassajara Fire,Monterey,0,0,2013,213,
Sierra Fire,San Bernardino,34.2,-117.417,2013,200,
Vina Fire,Tehama,40.012398,-122.079871,2013,200,
Burney Lightning Series (Warner Fire),Shasta,40.5445,-121.3754,2013,196,
Paskenta Fire,Tehama,39.961309,-122.330879,2013,195,
Silverado Fire,Napa,38.382,-122.311,2013,190,1
Olive Fire,Santa Barbara,34.611824,-120.074655,2013,170,
Capay Fire,Yolo,38.67479,-122.08725,2013,163,
50 Fire,El Dorado,38.63987,-121.08438,2013,163,
50 Fire,Sacramento,38.63987,-121.08438,2013,163,
Crane Fire,Sonoma,38.34599,-122.6503,2013,159,
Lakeville Fire,Sonoma,38.17693,-122.51253,2013,158,
Highland Fire,Alameda,0,0,2013,150,
Redlands Fire,Riverside,33.990128,-117.164997,2013,150,
Diablo Fire,Stanislaus,37.436,-121.1955,2013,150,
George Fire,Fresno,36.7218,-119.2248,2013,150,
Neal Fire,Butte,0,0,2013,150,
Magic Fire,Los Angeles,34.419284,-118.58688,2013,149,
Angora Fire,Tulare,36.258,-118.459,2013,134,
Yellow Fire,Sonoma,38.638828,-122.655616,2013,125,
California Fire,Solano,38.08744,-122.13802,2013,124,
152 Fire,Merced,37.03776,-121.006939,2013,124,
Smiley Fire,Riverside,33.963591,-117.187934,2013,124,
Cantwell Fire,Lake,38.882214,-122.567525,2013,120,1
Union Fire,El Dorado,38.682378,-120.839075,2013,116,1
Cleghorn Fire,San Bernardino,34.287,-117.451,2013,110,
Clinton Fire,Fresno,36.772425,-119.628389,2013,108,
Freeman Fire,Monterey,36.1531,-120.8973,2013,105,
Bee Fire,Los Angeles,0,0,2013,100,
Murphy Fire,Tuolumne,37.91529,-120.33313,2013,100,
Border Fire,San Diego,32.564465,-116.900368,2013,100,
Highland Fire,Mendocino,38.9252,-122.966,2013,98,
Davis Creek Complex,Modoc,41.73325,-120.375,2013,97,
Little Fire,San Bernardino,33.642,-116.706,2013,97,
Coyote Fire,Lassen,40.88886,-120.958126,2013,97,
Roadrunner Fire,Amador,38.27783,-120.966016,2013,96,
Creek Fire,San Luis Obispo,35.4393,-120.8358,2013,94,
Branch Fire,Butte,39.6612,-121.50354,2013,92,
Lilly 2 Fire,Madera,37.1927,-119.7917,2013,91,1
Water Fire,Riverside,33.9582,-116.6534,2013,90,
Adelaida Fire,San Luis Obispo,35.62743,-120.83417,2013,85,
Retek Fire,Mendocino,39.0442,-123.1478,2013,82,
Centerville Fire,Butte,39.731878,-121.713938,2013,80,
Butte Fire,Fresno,0,0,2013,80,
Tehama Fire,Tehama,0,0,2013,75,
Silverwood Fire,San Bernardino,34.316,-117.352,2013,75,
Revis Fire,Madera,37.169379,-119.75636,2013,75,
Lytle Fire,San Bernardino,34.1834,-117.4408,2013,75,1
Silverado Fire,Napa,38.441792,-122.350844,2013,75,
Liveoak Fire,San Bernardino,34.003151,-117.106075,2013,73,
McGanney Fire,Yuba,39.206,-121.31634,2013,73,
Cedar Fire,Butte,0,0,2013,72,
Double Fire,Lake,39.013682,-122.491894,2013,70,
Rail Fire,Modoc,41.569,-120.959,2013,68,
Wheeler Fire,Ventura,34.384,-119.13249,2013,64,
Tram Fire,Riverside,38.838,-116.61,2013,60,
Relay Fire,Riverside,33.91027,-116.99895,2013,60,
Tyler Fire,Nevada,39.333401,-121.107022,2013,52,
Toro Fire,San Luis Obispo,35.457978,-120.751555,2013,51,
Bruner Fire,Lake,39.0448,-122.7656,2013,50,
Cottonwood Fire,Siskiyou,41.923323,-122.578393,2013,50,
Uvas Fire,Santa Clara,37.1438,-121.7804,2013,50,
Grant Fire,Alameda,37.7393,-121.5869,2013,50,
Homestead Fire,San Luis Obispo,35.5123,-120.6368,2013,50,
Bridges Fire,Calaveras,38.06231,-120.45233,2013,46,
Sierra Fire,Fresno,37.03087,-119.463757,2013,46,
Pratt Fire,Mendocino,38.980846,-123.067671,2013,45,
Happy Camp Fire,Ventura,0,0,2013,44,
Fiddler Fire,Shasta,40.373,-122.7338,2013,43,
Viper Fire,Riverside,33.96936,-117.1265,2013,42,
Chestnut Fire,San Mateo,37.667295,-122.427285,2013,41,
Grant Fire,Santa Clara,37.342186,-121.717706,2013,40,
Baker Fire,Orange,33.7655,-117.6649,2013,40,
Valley Fire,San Diego,0,0,2013,40,
Pierce Fire,Riverside,33.570291,-116.10815,2013,40,
Trout Fire,Siskiyou,0,0,2013,40,
Heacock Fire,Riverside,33.9634,-117.2508,2013,40,
Palmyrita Fire,Riverside,34.001745,-117.302057,2013,40,
54 Fire,Riverside,33.655638,-116.161201,2013,40,
Empire Fire,El Dorado,38.89555,-120.84716,2013,38,
Indian Fire,Lake,39.1591,-122.5906,2013,38,
Fallon Fire,Alameda,37.74241,-121.86216,2013,38,
Michelle Fire,Fresno,36.763367,-119.558244,2013,35,
Cottontail Fire,San Luis Obispo,35.49864,-120.91375,2013,35,
Honey Fire,Shasta,0,0,2013,34,
Dersch Fire,Shasta,40.483662,-122.140914,2013,33,
Chuckwagon Fire,Calaveras,37.965364,-120.696362,2013,31,
Lakeshore Fire,Lake,38.9777,-122.683,2013,30,
Lake Fire,Lake,38.99233,-122.703193,2013,30,
Fawnskin Fire,San Bernardino,34.288877,-116.941311,2013,30,
Sonoma-Lake-Napa Unit Lightning Fires,Sonoma,38.4229,-122.0437,2013,28,
Sonoma-Lake-Napa Unit Lightning Fires,Solano,38.4229,-122.0437,2013,28,
Sonoma-Lake-Napa Unit Lightning Fires,Lake,38.4229,-122.0437,2013,28,
Sonoma-Lake-Napa Unit Lightning Fires,Colusa,38.4229,-122.0437,2013,28,
Cloverdale Fire,Shasta,40.473356,-122.48259,2013,27,
Flume Fire,San Diego,32.612773,-116.707335,2013,25,
Mount Fire,Lake,38.98058,-122.81796,2013,25,
Cherry Fire,Riverside,33.96201,-116.907213,2013,25,
Dam Fire,Lake,38.9289,-122.5818,2013,23,
Refuse Fire,Mendocino,0,0,2013,15,
Gilman Fire,Riverside,33.94528,-117.09306,2013,15,
Ranger Fire,Madera,0,0,2013,15,
Orleans Complex,Humboldt,41.333,-123.376,2013,0,
Hathaway Fire,Riverside,33.99647,-116.84137,2013,0,
King Fire,El Dorado,38.805437,-120.629714,2014,97717,80
July Complex,Siskiyou,0,0,2014,50042,
Bald Fire,Shasta,40.901,-121.368,2014,39736,
Oregon Gulch Fire (part of the Beaver Complex),Siskiyou,42.048,-122.345,2014,35302,
Beaver Fire,Siskiyou,0,0,2014,32496,
Eiler Fire,Shasta,40.72,-121.562,2014,32416,21
Pulgas Fire,San Diego,0,0,2014,14416,
French Fire,Madera,0,0,2014,13838,
Day Fire,Modoc,41.1336,-121.2144,2014,13153,6
Bully Fire,Shasta,40.4314,-122.750788,2014,12661,20
Lodge Lightning Complex,Mendocino,0,0,2014,12536,
Monticello Fire,Yolo,38.512,-122.104,2014,6488,
Coffee Fire,Shasta,41.141,-122.805,2014,6258,
Little Deer Fire,Siskiyou,41.682,-122.127,2014,5503,
Tomahawk Fire,San Diego,33.3529,-117.284889,2014,5367,
Stoney Fire,Monterey,0,0,2014,4840,
Meadow Fire,Mariposa,0,0,2014,4772,
El Portal Fire,Mariposa,0,0,2014,4689,
Butts Fire,Napa,38.664,-122.454,2014,4300,9
Butts Fire,Lake,38.664,-122.454,2014,4300,9
Sand Fire,Amador,38.5691,-120.7819,2014,4240,67
Sand Fire,El Dorado,38.5691,-120.7819,2014,4240,67
Way Fire,Kern,35.7206,-118.4747,2014,4045,
Shirley Fire,Kern,35.70683,-118.555527,2014,3895,
Etiwanda Fire,San Bernardino,34.169346,-117.547374,2014,2143,0
Cocos Fire,San Diego,33.1137,-117.1599,2014,1995,40
Colby Fire,Los Angeles,34.1703,-117.8816,2014,1952,
Nicolls Fire ,Kern,35.642,-118.15,2014,1680,
Modoc Lightning Complex,Modoc,41.89,-120.79,2014,1651,
Bernardo Fire,San Diego,33.003,-117.133,2014,1548,
Gulch Fire,Modoc,41.489,-120.904,2014,1469,
San Mateo Fire,San Diego,33.417572,-117.550567,2014,1457,
Gulch Fire,Shasta,40.7101,-122.171,2014,1375,4
Dark Hole Fire,Mariposa,0,0,2014,1080,
Silverado Fire,Orange,33.748,-117.601,2014,968,
Campbell Fire,Tehama,40.134597,-121.790183,2014,865,
Hunters Fire,Mariposa,0,0,2014,677,3
Miguelito Fire,Santa Barbara,34.609,-120.454,2014,632,
Junction Fire,Madera,37.3433,-119.6581,2014,612,47
Poinsettia Fire,San Diego,33.1109,-117.279,2014,600,
Oregon Fire,Trinity,40.7412,-122.946,2014,580,1
Boles Fire,Siskiyou,41.42384,-122.37432,2014,516,165
59 Fire,Tuolumne,37.76617,-120.45087,2014,487,
Applegate Fire,Placer,0,0,2014,459,10
Black Fire,Mendocino,0,0,2014,403,11
Encinal Fire,Monterey,36.6313,-121.4819,2014,400,
Web Fire,Butte,0,0,2014,389,
Highway Fire,San Diego,33.312,-117.162,2014,380,
Pierce Fire,Riverside,0,0,2014,350,
Red Fire,Humboldt,40.884415,-123.773779,2014,333,
Courtney Fire,Madera,37.311915,-119.604124,2014,320,69
Dog Rock Fire,Mariposa,37,40.34,2014,311,
Bridge Fire,Mariposa,0,0,2014,300,
Gun Club Fire,Merced,0,0,2014,300,
Tecolote Fire,Los Angeles,34.267,-117.867,2014,274,
Hetch Hetchy Fire,Tuolumne,37.787,-120.452,2014,269,
Dog Bar Fire,Nevada,39.113682,-120.999508,2014,247,
Tehama Fire,Tehama,40.009827,-122.345078,2014,225,
Banner Fire,San Diego,33.078948,-116.576454,2014,217,3
Bald Hill 3 Fire,Humboldt,41.134,-123.753,2014,210,
Shoemaker Fire,Los Angeles,34.235,-117.771,2014,190,
Indian Fire,Lake,39.1647,-122.5983,2014,175,
Dry Fire,Shasta,40.6569,-122.2215,2014,143,
Haigh Fire,Mariposa,37.7103,-120.197,2014,130,
Curie Fire,Santa Clara,0,0,2014,125,
Gun Fire,San Diego,32.81,-116.49,2014,125,
Reed Fire,Calaveras,120.679019,38.178241,2014,120,
Brewer Fire,Placer,0,0,2014,120,
Bridges Fire,Inyo,37.399,-118.352,2014,113,
Lake Fire,Fresno,36.8266,-119.3415,2014,106,
River Fire,San Diego,0,0,2014,105,
Little Fire,Modoc,41.507,-121.266,2014,101,
Saratoga Fire,Lake,0,0,2014,100,
Interstate Fire,Riverside,0,0,2014,100,
Irene Fire,El Dorado,38.59,-120.028,2014,94,
Valley Fire,Mariposa,0,0,2014,90,
Oak Fire,Calaveras,38.058,-120.66,2014,85,1
Boca Fire,Nevada,39.3918,-120.0805,2014,84,
Casa Fire,Santa Clara,0,0,2014,80,
Marsh Fire,Contra Costa,37.5359,-121.5118,2014,80,
Montgomery Fire,Mariposa,0,0,2014,79,
Sabina Fire,Riverside,0,0,2014,78,
Cassel Fire,Shasta,40.5719,-121.3415,2014,75,
San Lucas Fire,Monterey,36.103,-121.117,2014,75,
Wildlife Fire,Butte,39.4664,-121.6129,2014,72,
Jackson Fire,Tuolumne,37.8316,-120.3434,2014,70,
Ranch Fire,Kern,0,0,2014,70,
Norman Fire,Solano,121.999,38.453,2014,70,
June Fire,Inyo,0,0,2014,65,
Nelson Fire,Mendocino,0,0,2014,62,
Honcut Fire,Butte,0,0,2014,60,
Van Buren Fire,Riverside,33.5982,-116.1985,2014,57,
Freeway Fire ,San Diego,0,0,2014,56,
Fiddler Fire,Shasta,40.39,-122.721,2014,50,
Bane Fire,San Bernardino,33.93869,-117.70643,2014,48,
Interlake Fire,San Luis Obispo,35.8218,-121.0226,2014,47,
Morgan Fire,Fresno,36.991825,-119.525506,2014,40,1
Hutto Fire,Nevada,39.1871,-121.2687,2014,38,
McClellan Fire,Humboldt,0,0,2014,37,
Lake Fire,Stanislaus,0,0,2014,37,
Bogart Fire,Riverside,0,0,2014,31,
Siskiyou County Lightning Fires,Siskiyou,0,0,2014,30,
Bible Fire,El Dorado,38.608336,-120.703238,2014,30,
Jacumba Fire,San Diego,32.665,-116.222,2014,29,
Stage Coach Fire,Napa,38.695961,-122.384054,2014,27,
Foothill Fire ,Ventura,0,0,2014,25,
Leopard Fire,Shasta,40,29.24,2014,25,
Hall Fire,Fresno,36.742747,-119.241493,2014,25,
Cascade Fire,El Dorado,38.9195001,-120.1140659,2014,20,
Border Fire,San Diego,32.59154,-116.89516,2014,20,
Bridge Fire,Humboldt,0,0,2014,18,
West Fire,Trinity,40.41,-123.24,2014,15,
Iowa Fire,Placer,0,0,2014,14,
Santa Fire,Riverside,0,0,2014,14,
Pines Fire,Madera,37,18.4,2014,10,
South Napa Earthquake,Napa,0,0,2014,6,
Happy Camp Complex,Siskiyou,41.796,-123.374,2014,0,
Rough Fire ,Fresno,36.874,-118.905,2015,151623,
River Complex,Trinity,0,0,2015,77081,
Rocky Fire,Lake,38.8863538,-122.4762475,2015,69438,96
Fork Complex,Trinity,0,0,2015,36503,
Lake Fire,San Bernardino,34.16027778,-116.8927778,2015,31359,
Gasquet Complex,Del Norte,0,0,2015,30361,
South Complex,Trinity,0,0,2015,29416,
Jerusalem Fire,Lake,38.8142503,-122.4867319,2015,25118,27
Jerusalem Fire,Napa,38.8142503,-122.4867319,2015,25118,27
Dodge Fire,Lassen,40.938,-120.105,2015,10570,
Nickowitz Fire,Del Norte,0,0,2015,7509,
Round Fire,Inyo,0,0,2015,7000,40
Round Fire,Mono,0,0,2015,7000,40
Cabin Fire,Tulare,36.24,-118.54,2015,6980,
Willow Fire,Madera,37.279722,-119.50014,2015,5702,
Humboldt Lightning Fires,Humboldt,0,0,2015,4883,7
Frog Fire,Modoc,41.399,-121.392,2015,4863,
North Fire,San Bernardino,34.339,-117.478,2015,4250,68
Walker Fire,Mono,0,0,2015,3676,
Tesla Fire,Alameda,37.3845,-121.3732,2015,2700,
Cuesta Fire,San Luis Obispo,35.3477,-120.6269,2015,2446,1
Lowell Fire,Nevada,39.192088,-120.882313,2015,2304,2
Horno Fire,San Diego,0,0,2015,1850,
Park Hill Fire,San Luis Obispo,0,0,2015,1791,23
Saddle Fire ,Trinity,40.924,-123.168,2015,1542,
Creek Fire,Merced,0,0,2015,1450,
McCabe Fire,Merced,0,0,2015,1333,
Tassajara Fire,Monterey,36.3699644,-121.589554,2015,1086,20
Highway Fire,Riverside,33.884313,-117.642759,2015,1049,
Lumpkin Fire,Butte,39.5218,-121.3363,2015,1042,
Corrine Fire,Madera,37.165767,-119.523943,2015,920,3
Meridian Fire,Butte,0,0,2015,860,
Elk Fire,Lake,55.23,-122,2015,673,
Cienega Fire,San Benito,36.70854,-121.32734,2015,670,
Anza Fire,Riverside,33.5736,-116.5387,2015,543,
Van Dyke Fire,Mono,0,0,2015,509,
Sky Fire,Madera,0,0,2015,500,
Triple Fire,Tulare,36.085212,-118.824235,2015,430,
Tenaya Fire,Mariposa,0,0,2015,415,
Calgrove Fire ,Los Angeles,34.361007,-118.535793,2015,415,
Swedes Fire,Butte,39.43963,-121.38794,2015,400,16
Lincoln Fire,Los Angeles,0,0,2015,374,
Ione Fire,Amador,0,0,2015,355,
Warm Fire,Los Angeles,0,0,2015,300,
Site Fire,Alameda,0,0,2015,300,
Chorro Fire,Ventura,0,0,2015,282,
Forebay Fire,Merced,37.08312,-121.06963,2015,275,
Christensen Fire,Alameda,0,0,2015,242,
Mendocino National Forest Lightning Complex,Mendocino,0,0,2015,227,
Pacheco Fire,Santa Clara,0,0,2015,215,
Peterson Fire,Lake,38.925764,-122.879272,2015,215,
241 Fire,Orange,33.7626,-117.7274,2015,214,
China Fire,Shasta,40.415108,-122.439939,2015,212,5
Mesa Fire,Santa Barbara,0,0,2015,211,
Big Creek Fire,Tuolumne,37.823,-120.15644,2015,204,
Pines Fire ,Los Angeles,34.367,-117.683,2015,200,
Stephens Fire,Siskiyou,41.485,-121.851,2015,200,
Vasco Fire,Contra Costa,37.81629,-121.68113,2015,195,
Rustic Fire,Ventura,0,0,2015,186,
Cooley Fire,Siskiyou,41.8048,-122.5029,2015,181,
Wildcat Fire,San Diego,32.9421,-116.8534,2015,171,
Creek Fire,Fresno,40.400196,-120.553075,2015,170,
Black Fire,Tehama,39.8448,-122.3638,2015,170,
Flat Fire ,Kern,0,0,2015,167,
Cutca Fire,San Diego,33.383889,-116.868611,2015,167,
River Fire,Ventura,0,0,2015,164,
Queen Fire,Humboldt,41.295667,-123.784067,2015,158,
Cook Fire,Yuba,39.2688,-121.26471,2015,158,
Sky Fire,Solano,38.4113,-122.0789,2015,150,
Merwin Fire,Riverside,0,0,2015,150,
Horse Fire,Humboldt,40.1058823,-124.0720419,2015,146,
Ward Fire,Plumas,40.05083333,-120.7016667,2015,137,
Red Fire,Madera,37.072561,-119.6958,2015,135,
Democrat Fire,Trinity,40.724898,-122.96174,2015,128,
Collier Fire,San Joaquin,0,0,2015,122,
3-11 Fire,Modoc,41.29226,-121.172117,2015,116,
Mark Fire,Calaveras,38.052,-120.5577,2015,114,
Tulloch Fire,Tuolumne,37.83618,-120.61691,2015,112,
Shinn Fire,Lassen,0,0,2015,111,
Apple Fire,Sacramento,0,0,2015,110,
36 Fire,Tehama,40.3506868,-121.7786799,2015,110,1
Riosa Fire,Placer,0,0,2015,110,
Walker Fire,Shasta,40.47512,-122.52541,2015,109,
Oak Fire,Tuolumne,38.04684,-120.30188,2015,108,3
Munjar Fire,Butte,39.8707,-121.8938,2015,104,
Sterling Fire,San Bernardino,34.165974,-117.243878,2015,100,
Laureles Fire,Monterey,36.5696373,-121.7556029,2015,95,
Deer Fire,San Luis Obispo,35.7183,-121.0157,2015,95,
Sprig Fire,Shasta,40.49865,-122.20109,2015,90,
Advance Fire,Tulare,36.49845,-118.9009,2015,86,
Otay Fire,San Diego,32.6449163,-116.9454387,2015,80,
Harrison Fire,Riverside,0,0,2015,80,
3-12 Fire,Modoc,40.856422,-121.101623,2015,77,
Fern Fire,Shasta,40.67868,-121.93244,2015,75,
Mallard Fire,Shasta,40.509552,-122.199227,2015,75,1
Kyburz Fire,El Dorado,38.776,-120.404,2015,75,
Webb Fire,Butte,0,0,2015,75,
Olive Fire,Butte,26.42,-121,2015,72,1
Prairie Fire,Siskiyou,0,0,2015,69,
Pass Fire,Kern,35.77937,-120.19482,2015,67,
Scales Fire,San Bernardino,0,0,2015,65,
Kerkhoff Fire,Fresno,0,0,2015,60,
Dixie Fire,Lassen,40.875667,-121.033667,2015,60,
Grapefruit Fire,Riverside,0,0,2015,60,
Triangle Fire,Mariposa,0,0,2015,60,
North Fire,Amador,38.260777,-121.135426,2015,60,
Point Fire,Shasta,40.3929,-122.40546,2015,59,
Military Fire,Siskiyou,0,0,2015,58,
Summit Fire,San Bernardino,34.23,-116.883,2015,55,
De Luz Fire,San Diego,33.4115972,-117.2886249,2015,55,
Fork Fire,Tehama,40.0133,-122.552,2015,55,
Mill 2 Fire,San Bernardino,34.0783472,-117.0487863,2015,54,
Tesla Fire,Alameda,0,0,2015,53,
White Fire,Santa Barbara,34.9522,-120.2903,2015,52,
Potrero Fire,Ventura,34.15,-118.879444,2015,50,
Mendocino Lightning Fires,Mendocino,39.43301,-123.36316,2015,50,
Antelope Fire,Kern,0,0,2015,45,
Geary Fire,Alameda,0,0,2015,45,
FKU Lightning Fires,Fresno,0,0,2015,45,
Mason Fire ,Modoc,0,0,2015,43,
Highway Fire,Santa Clara,0,0,2015,42,
Center Fire,Lassen,40.400196,-120.553075,2015,40,
Sullivan Fire,Stanislaus,37.24523,-121.20324,2015,40,
Ascot Fire,Solano,38.1029,-122.1578,2015,40,
Chiles Fire,Napa,38.5287,-122.3415,2015,38,
Garage Fire,Napa,0,0,2015,36,
Browns Fire,Trinity,40,41.46,2015,35,
Ranch Fire,El Dorado,0,0,2015,35,
Covelo Fire,Mendocino,39.7806004,-123.248214,2015,35,
McCourtney Fire,Nevada,39.081,-121.194,2015,30,
Kramer Fire ,Lassen,41.12362,-121.194256,2015,30,
Francis Fire,Yuba,39.33303,-121.18735,2015,30,
Banister Fire,Ventura,0,0,2015,29,
Baxter Fire,Placer,38.9361,-121.1548,2015,26,
Park Fire,San Diego,32.682547,-116.51684,2015,25,
Betabel Fire,San Benito,36.8727,-121.5681,2015,25,
Lake Fire,San Diego,33.21407,-116.73472,2015,25,
Buckaroo Fire,El Dorado,0,0,2015,25,
Fox Fire,Mariposa,0,0,2015,25,
Oasis Fire,Lake,0,0,2015,25,
Snow Fire,Riverside,0,0,2015,25,
Dorris Fire,Siskiyou,41.999341,-121.891226,2015,24,
Soda Fire,Mendocino,39.0263,-123.303,2015,23,
Grade Fire,Lake,38.831478,-122.53428,2015,22,
Gibraltar Fire,Santa Barbara,34.4828,-119.63216,2015,21,
Spider Fire,Riverside,33.986204,-117.43942,2015,21,
Bald Fire,Humboldt,41.1513,-123.8292,2015,20,
Pleasure Fire,Napa,38.519132,-122.181878,2015,19,
Keswick Fire,Shasta,40.5953,-122.4397,2015,18,
Buck Fire,Humboldt,40.1093,-123.774,2015,16,
Mad River Complex,Trinity,0,0,2015,0,
Washington Fire,Alpine,38.598056,-119.751944,2015,0,
Soberanes Fire,Monterey,36.45994,-121.89938,2016,132127,
Erskine Fire,Kern,35.6115,-118.45628,2016,48019,
Chimney Fire,San Luis Obispo,35.70595,-120.98316,2016,46344,70
Blue Cut Fire,San Bernardino,34.30372,-117.49342,2016,36274,321
Gap Fire,Siskiyou,41.851,-123.118,2016,33867,
Rey Fire ,Santa Barbara,0,0,2016,32606,
Cedar Fire,Kern,35.7506,-118.5678,2016,29322,
Canyon Fire,Santa Barbara,34.63445,-120.54421,2016,12518,
Pilot Fire,San Bernardino,34.28771,-117.27338,2016,8110,
Border Fire,San Diego,32.60729,-116.63028,2016,7609,16
Sherpa Fire,Santa Barbara,34.776,-119.643,2016,7474,
Mineral Fire,Fresno,36.09974,-120.51057,2016,7050,2
Cold Fire,Yolo,38.52513,-122.06788,2016,5731,2
Trailhead Fire,El Dorado,38.96741,-120.9375,2016,5646,
Trailhead Fire,Placer,38.96741,-120.9375,2016,5646,
Owens River Fire,Inyo,37.75985,-118.95309,2016,5443,
San Gabriel Complex (Formerly Fish & Reservoir Fires),Los Angeles,0,0,2016,5399,
Marek Fire,Los Angeles,34.31,-118.335,2016,4824,
Loma Fire,Santa Clara,37.10632,-121.85318,2016,4474,28
Meadow Fire,Tulare,35.984,-118.551,2016,4347,
Clayton Fire,Lake,38.89741,-122.60664,2016,3929,300
Metz Fire,Monterey,36.38123,-121.20059,2016,3876,
Roberts Fire,San Luis Obispo,0,0,2016,3712,
Curry Fire,Fresno,36.0749,-120.452041,2016,2944,
Pony Fire,Siskiyou,41.623,-123.557,2016,2860,
Clark Fire,Mono,0,0,2016,2819,
Soup Complex,Modoc,41.2649,-120.3178,2016,2652,
Willard Fire,Lassen,40.3915,-120.7845,2016,2575,7
Coleman Fire,Monterey,36.01542,-121.25029,2016,2520,
Pine Fire,Ventura,34.701,-119.144,2016,2304,
Goose Fire,Fresno,37.01591,-119.50507,2016,2241,4
Sacata Fire,Fresno,36.94536,-119.25959,2016,2100,
Deer Fire,Kern,35.20993,-118.72272,2016,1785,
Sawmill Fire,Sonoma,38.80017,-122.82895,2016,1547,
Bogart Fire,Riverside,0,0,2016,1470,1
Dinosaur Fire,Merced,37.07147,-121.20155,2016,1246,
Roblar Fire,San Diego,33.393,-117.35093,2016,1245,
Sage Fire,Los Angeles,34.36763,-118.57245,2016,1109,
Marshes Fire,Tuolumne,37.79635,-120.32484,2016,1080,
Saddle Fire,Butte,39.6871,-121.571,2016,850,3
Grade Fire,Siskiyou,41.7813,-122.611,2016,710,5
Marina Fire,Mono,37.97,-119.14,2016,650,
Tully Fire,Humboldt,41.28486,-123.82268,2016,599,3
Fort Fire,Kern,34.913,118.9082,2016,554,
99 Fire,Butte,39.6708,-121.7192,2016,550,
Range Fire,Kern,35.2013,-118.7212,2016,518,
Colyear Fire,Tehama,40.0353,-122.56939,2016,464,
Willow Fire,Calaveras,38.1874,-120.6381,2016,450,
Fiddler Fire,Shasta,40.36873,-122.72913,2016,441,1
Beale Fire,Yuba,36.16965,-121.38775,2016,400,
Tule Fire,Tulare,36.1648,-118.73906,2016,395,
Howard Fire,Modoc,41.4657,-120.9066,2016,380,
Rancho Fire,Amador,38.385,-121.003611,2016,372,
Hog Fire,Tehama,40.30594,-122.1295,2016,360,
Pacheco Fire,Calaveras,38.08056,-120.81394,2016,341,
Appaloosa Fire,Calaveras,38.02845,-120.61153,2016,310,
Flat Fire,Kern,0,0,2016,306,
Havilah Fire,Kern,35.4976,-118.5097,2016,304,
Butte Fire,Sutter,39.188321,-121.78003,2016,300,
DeWolf Fire,Fresno,36.88286,-119.654,2016,278,
Creek Fire,Yolo,38.69971,-122.15457,2016,277,
Tobin Fire,Plumas,39.92,-121.32,2016,248,
King Fire ,San Benito,0,0,2016,237,2
Onyx Fire,Kern,35.68313,-118.21793,2016,221,
Washington Fire,Santa Barbara,34.75134,-120.55297,2016,215,
Reservoir Fire,Lake,39.12366,-122.50373,2016,215,
Grant Fire,Alameda,37.74369,-121.58677,2016,211,
Camanche Fire,Amador,38.26874,-120.90265,2016,210,
Big Fire,Fresno,36.92244,-119.39619,2016,188,
Emerald Fire,El Dorado,38.93449,-120.10744,2016,176,
Briggs Fire,Riverside,0,0,2016,173,
Athens Fire,Placer,38.8390117,-121.3090268,2016,169,
Sunny Fire,Fresno,36.84479,-119.34487,2016,158,
Wheatland Fire,Los Angeles,34.276,-118.354,2016,156,
Hills Fire,Fresno,0,0,2016,151,
Old Fire,Del Norte,37.75972,-120.029626,2016,150,
Holy Fire,Orange,33.6542,-117.5221,2016,150,
Shedd Fire,San Luis Obispo,35.61961,-120.39993,2016,150,
Bird Fire,San Joaquin,37.62215,-121.36665,2016,147,
Frame Fire,Fresno,36.14161,-120.62048,2016,145,
Maze Fire,Stanislaus,0,0,2016,140,
Temecula Fire,Riverside,33.476894,-117.140883,2016,139,
Famoso Fire,Kern,35.60748,-118.94811,2016,138,
Avocado Fire,Fresno,36.78769,-119.38248,2016,132,
Bangor Fire,Butte,39.4403,-121.42647,2016,130,
Green Fire,Fresno,37.0099,-119.5792,2016,123,
Rock Creek Fire,Mono,0,0,2016,122,
Coe Fire,Stanislaus,37.17072,-121.42238,2016,120,
Sierra Fire,Santa Clara,37.41896,-121.79669,2016,114,
Coal Fire,Butte,39.595,-121.6008,2016,112,
Broken Fire,Madera,37.25601,-119.65776,2016,103,
Cow Fire,Shasta,40,-121.93923,2016,100,
Bailey Fire,Santa Clara,0,0,2016,100,
Hart Fire,Kern,35.24504,-118.60344,2016,100,
Diablo Fire,Stanislaus,0,0,2016,100,
Bradley Fire,Monterey,35.85093,-120.81081,2016,100,
Feather Fire,San Diego,32.9612,-116.7945,2016,100,
Mercury Fire,San Benito,5487,-120.841536,2016,95,
Dunstone Fire,Butte,39.33035,-121.78973,2016,91,
Santos Fire,Butte,39.79547,-121.71662,2016,88,
Flores Fire,Tehama,40.07846,-122.2071,2016,88,
Moore Fire,Placer,38.86804,-121.37704,2016,88,
Scott Fire,Sacramento,38.517772,-121.103642,2016,87,
Frazier Fire,San Luis Obispo,35.70821,-120.82266,2016,86,
Grub Fire,Madera,37.3228,-119.7738,2016,85,
Tulloch Fire,Tuolumne,37.927613,-120.528836,2016,85,
Dunnigan Fire,Yolo,38.8866,-122.04726,2016,84,
Cheyenne Fire,Calaveras,0,0,2016,83,2
Old Fire,San Benito,36.49914,-121.04993,2016,83,
Baker Fire,Tehama,40.19611,-122.26736,2016,80,
Serpa Fire,Madera,0,0,2016,80,
Hoag Fire,Tehama,39.7947,-121.857,2016,80,
Sherwood Fire,Ventura,36.92244,-119.39619,2016,78,
Lake Fire,Shasta,40.68192,-122.4096,2016,75,
Newmark Fire,Fresno,36.6543,-119.5327,2016,70,
Arroyo Fire,Monterey,36.2833,-121.3306,2016,70,
Pala Fire,San Diego,33.41639,-117.08829,2016,70,7
Foothill Fire,Lake,39.0863,-122.7891,2016,69,
Creek Fire,Napa,38.40958,-122.43172,2016,65,
Cotton Fire,Kern,35.77135,-120.251,2016,61,
Oak Fire,Solano,38.33475,-122.02564,2016,57,
Baker Fire,Calaveras,37.98171,-120.64241,2016,57,
Mill Fire,Siskiyou,0,0,2016,56,
Lowe Fire,Monterey,36.1934,-120.9293,2016,52,
Ruff Fire ,Mendocino,39.7299,-123.5044,2016,50,
Spring Fire,San Bernardino,34.3183,-117.3189,2016,50,
Storksbill Fire,El Dorado,38.79549,-121.00299,2016,50,
Casitas Fire,Ventura,0,0,2016,50,
70 Fire,Butte,39.43351,-121.6051,2016,49,
Auburn Fire,Nevada,39.20427,-121.05948,2016,47,
Laguna Fire,Orange,33.57872,-117.77395,2016,47,
Bell Fire,Amador,38.5212,-120.8416,2016,45,
Kugelman Fire,Lake,36.09974,-120.51057,2016,45,
Kuehner Fire,Ventura,34.27619,-118.63264,2016,45,
Paskenta Fire,Tehama,39.93965,-122.40142,2016,43,
Walker Fire,Kern,0,0,2016,43,
Dockery Fire,Lassen,0,0,2016,42,
Boys Fire,Sacramento,38.558,-121.1309,2016,40,
Evergreen Fire,Riverside,0,0,2016,40,
Franklin Fire,Contra Costa,38.01264,-122.1885,2016,40,
Phoenix Fire,Nevada,39.39051,-120.51887,2016,38,
Fork Fire,Madera,37.24006,-119.4741,2016,38,
Mina Fire,Mendocino,39.8748511,-123.4267011,2016,36,
Knoxville Fire,Lake,38.68403,-122.26015,2016,36,
Gopher Fire,San Diego,33.22558,-117.14547,2016,35,
Mountain Fire,Shasta,40.61213,-122.47091,2016,35,
Neal Fire,Butte,0,0,2016,35,
Stagecoach Fire,Calaveras,37.96311,-120.67335,2016,35,
Campo Fire,Calaveras,38.22017,-120.8678,2016,33,
Moffett Fire,Siskiyou,41.6314,-122.7933,2016,32,
Frymire Fire,Tuolumne,37.81434,-120.69521,2016,32,
Clay Fire,Sacramento,38.3131,-121.06452,2016,32,
Old Fire,Butte,39.8851,-121.6998,2016,30,
Lone Pine Fire,Inyo,36.58972,-118.15589,2016,30,
Hidden Fire,San Benito,36.80296,-121.40304,2016,30,
70 Fire,Butte,39.624017,-121.595093,2016,30,
Taglio Fire,Merced,37.2171,-121.08036,2016,30,
Gopher Fire,San Diego,33.254355,-117.158475,2016,28,
Rock Fire,San Diego,33.00056,-116.9571,2016,28,
Deer Fire,Amador,38.2581,-120.8657,2016,26,
Bailey Fire,Siskiyou,41.96191,-122.59328,2016,26,
Oak Fire,Santa Clara,37.11831,-121.69784,2016,25,
Oak Fire,Santa Clara,37.06531,-121.68577,2016,25,
Alder Fire,El Dorado,0,0,2016,25,
North Branch Extension Fire,Lake,0,0,2016,25,
Aukum Fire,El Dorado,38.64107,-120.6955,2016,25,
Bryson Fire,Monterey,35.8378273,-121.0381507,2016,25,
Keswick Fire,Shasta,40.61388,-122.46777,2016,24,
Stafford Fire,Humboldt,40.4572,-124.05804,2016,23,
Table Fire,Siskiyou,41.71847,-122.36924,2016,23,
Summit Fire,Humboldt,40.9878,-123.77832,2016,21,
Ken Fire,San Bernardino,34.25858,-117.4415,2016,20,
Mockingbird Fire,Lake,39.1408865,-122.9148951,2016,20,
Edison Fire,Ventura,0,0,2016,20,
Willow Fire,Amador,0,0,2016,19,
Shelter Fire,Ventura,33.11645,-116.58542,2016,15,
Collier Fire,Tehama,0,0,2016,11,
Fiddler Fire,Shasta,0,0,2016,11,
Jacobson Fire,Tulare,36.217,-118.551,2016,10,
Mokelumne Fire,Alpine,38.57554,-120.00606,2016,0,
Sand Fire,Los Angeles,0,0,2016,0,
Soda Fire,San Luis Obispo,35.01382,-119.58206,2016,0,
Old Fire,Los Angeles,0,0,2016,0,
Chimney Fire,Tulare,35.84883,-118.08591,2016,0,
Gorman Fire,Los Angeles,34.6888731,-118.7892593,2016,0,
Thomas Fire,Santa Barbara,34.41521,-119.09124,2017,281893,1063
Thomas Fire,Ventura,34.41521,-119.09124,2017,281893,1063
Long Valley Fire,Lassen,40.07045,-120.14013,2017,83733,
Modoc July Complex,Modoc,0,0,2017,83120,
Detwiler Fire,Mariposa,37.61757,-120.21321,2017,81826,131
Eclipse Complex,Siskiyou,41.841,-123.474,2017,78698,
Nuns / Adobe / Norrbom/ Pressley / Partrick Fires / Oakmont (Central LNU Complex),Napa,38.4041,-122.5209,2017,56556,1355
Nuns / Adobe / Norrbom/ Pressley / Partrick Fires / Oakmont (Central LNU Complex),Sonoma,38.4041,-122.5209,2017,56556,1355
Atlas Fire (Southern LNU Complex),Napa,38.39206,-122.24367,2017,51624,120
Atlas Fire (Southern LNU Complex),Solano,38.39206,-122.24367,2017,51624,120
Garza Fire,Kings,35.93273,-120.20014,2017,48889,1
Miller Complex,Siskiyou,42.039,-123.218,2017,39715,
Tubbs Fire (Central LNU Complex),Napa,38.60895,-122.62879,2017,36807,5636
Tubbs Fire (Central LNU Complex),Sonoma,38.60895,-122.62879,2017,36807,5636
Pier Fire,Tulare,36.15356,-118.74103,2017,36556,2
Redwood Valley Fire (Mendocino Lake Complex),Mendocino,39.24873,-123.16635,2017,36523,546
Alamo Fire,San Luis Obispo,35.0179,-120.3223,2017,28687,0
Orleans Complex,Siskiyou,41.59,-123.501,2017,27276,
Helena - Fork Fire,Trinity,40.76025,-123.10003,2017,21846,
Lion Fire,Tulare,36.27138,-118.48555,2017,18900,
R-4 Fire,Lassen,40.69573,-119.93499,2017,18618,
Whittier Fire,Santa Barbara,34.55096,-119.9494,2017,18430,
Pocket Fire (Central LNU Complex),Sonoma,38.76549,-122.90939,2017,17357,6
Schaeffer Fire,Tulare,0,0,2017,16031,
Creek Fire,Los Angeles,34.31283,-118.35863,2017,15619,37
Buck Fire,Trinity,40.2275,-123.03583,2017,13417,
Railroad Fire,Madera,37.44663,-119.64622,2017,12407,
Elm Fire,Fresno,36.12089,-120.37116,2017,10343,
Cascade Fire (Wind Complex),Yuba,39.32198,-121.4021,2017,9989,264
Canyon 2 Fire,Orange,33.87041,-117.70975,2017,9217,25
Slinkard Fire,Mono,38.655,-119.55425,2017,8925,
Cherokee Fire,Butte,39.62496,-121.52966,2017,8417,6
Empire Fire,Mariposa,37.644,-119.618,2017,8094,
Parker 2 Fire,Modoc,41.466,-120.321,2017,7697,
La Tuna Fire ,Los Angeles,34.22957,-118.2674,2017,7194,
South Fork Fire,Mariposa,37.538,-119.598,2017,7000,
Manzanita Fire,Riverside,33.530045,-116.594422,2017,6309,
LaPorte Fire (Wind Complex),Butte,39.39455,-121.40613,2017,6151,74
Rye Fire,Los Angeles,34.45283,-118.58188,2017,6049,6
Mud Fire,Lassen,40.43962,-120.22215,2017,6042,
Wall Fire,Butte,39.45352,-121.41222,2017,6033,41
Jayne Fire,Fresno,36.07228,-120.26561,2017,5738,
Summit Complex,Stanislaus,38.329,-119.782,2017,5247,
Ruth Complex,Trinity,40.17598,-123.36882,2017,4736,
Minerva Fire,Plumas,39.9034,-120.9761,2017,4310,
Lilac Fire,San Diego,33.3237,-117.163,2017,4100,157
Ponderosa Fire,Butte,39.57701,-121.30209,2017,4016,54
Palmer Fire,Riverside,33.97471,-117.09984,2017,3874,
Young Fire,Siskiyou,41.853,-123.676,2017,3142,
Hawk Fire,Kern,35.77896,-118.89627,2017,2940,
Canyon Fire,Orange,33.8668,-117.68598,2017,2662,
Eureka Fire,Plumas,39.75312,-120.75485,2017,2575,
I-5 Fire,Kings,36.05187,-120.05404,2017,2312,
Indian Fire,Tulare,36.257,-118.296,2017,2295,
Roadrunner Fire,Tulare,36.0226,-118.94252,2017,2289,
Winters Fire,Yolo,38.49521,-122.0251,2017,2269,
Sulphur Fire (Mendocino Lake Complex),Lake,39.01387,-122.64543,2017,2207,162
Gate Fire,San Diego,32.65597,-116.80527,2017,2056,
Adobe Fire (Central LNU Complex),Sonoma,0,0,2017,1868,
Parkfield Fire,Monterey,35.86949,-120.57894,2017,1816,
Parkfield Fire,San Luis Obispo,35.86949,-120.57894,2017,1816,
Wright Fire,Merced,36.96655,-120.89261,2017,1800,
Creek Fire,Stanislaus,38.12,-119.941,2017,1749,
37 Fire,Sonoma,38.14242,-122.47301,2017,1660,
Park Fire,Fresno,35.95911,-120.55579,2017,1649,
Quail Fire,Kern,35.59904,-119.08312,2017,1626,
Hill Fire,San Luis Obispo,35.4025,-120.4992,2017,1598,4
Derrick Fire,Fresno,36.269125,-120.620791,2017,1538,
Highway Fire,Kern,35.53456,-118.66733,2017,1522,
Holcomb Fire,San Bernardino,34.2976,-116.826,2017,1503,
Oakwood Fire,Madera,37.0825,-119.8011,2017,1431,
Garden Fire,Kern,35.543,-118.654,2017,1350,
Opera Fire,Riverside,34.00566,-117.30693,2017,1350,
Caldwell Fire,Kern,35.76,-118.406,2017,1319,
Latrobe Fire,Sacramento,38.5181,-121.104,2017,1286,
Tarina Fire ,Kern,35.38298,-118.80123,2017,1200,
Buffalo Fire,San Diego,33.402411,-117.402445,2017,1088,
Hudson Fire,Kern,34.94373,-119.44751,2017,1083,
Blaine Fire,Riverside,33.98212,-117.30819,2017,1044,
Mission Fire,Madera,37.21616,-119.48067,2017,1035,4
Chilcoot Fire,Plumas,39.75371,-120.1397,2017,1020,
Range Fire,San Diego,33.34988,-117.39818,2017,1000,
Berry Fire,Shasta,40.98352,-121.81623,2017,995,
El Dorado Fire,Fresno,36.530836,-120.206592,2017,976,
Grade Fire,Mendocino,39.30125,-123.28825,2017,900,
Beale Fire,Yuba,39.1234,-121.32957,2017,867,
Wildomar Fire,Riverside,33.60247,-117.34192,2017,866,
Poslin Fire,Lassen,39.888,-120.066,2017,859,
Lobo Fire (Wind Complex),Nevada,39.24549,-121.12792,2017,821,48
Lake Fire,Los Angeles,34.55607,-118.60703,2017,800,
Yankee Fire,San Luis Obispo,35.7908,-120.77485,2017,775,
Placerita Fire,Los Angeles,34.37443,-118.49343,2017,760,
Farad Fire,Sierra,39.439722,-120.027222,2017,747,
Jacksonville Fire,Tuolumne,37.905545,-120.408135,2017,690,
Peak Fire,Mariposa,37.37397,-119.83556,2017,680,2
Mart Fire,San Bernardino,34.14575,-117.17813,2017,670,
Ben Fire,Mariposa,37.3762,-119.9646,2017,630,
Battle Fire,Modoc,41.85763,-121.29581,2017,562,
Mias Fire,Riverside,33.95036,-116.88066,2017,545,
W-2 Fire,Lassen,41.11989,-120.74968,2017,530,
Ming Fire,Kern,35.4605,-118.85896,2017,506,
Deluz Fire,San Diego,33.3906,-117.32348,2017,486,
Fay Fire,Siskiyou,41.3975,-122.8428,2017,469,
Red Fire,San Luis Obispo,35.40357,-120.28037,2017,460,
Bridge Fire,San Bernardino,34.09773,-117.10567,2017,460,
Monterey Fire,Fresno,36.616986,-120.369347,2017,450,
Rucker Fire,Santa Barbara,34.67403,-120.4393,2017,444,
Eastman Fire,Madera,37.14624,-120.015509,2017,429,
Table Fire,El Dorado,38.848,-120.287,2017,426,
Skirball Fire,Los Angeles,34.09454,-118.48178,2017,422,
Elephant Fire,Tulare,36.22265,-119.06598,2017,416,
Dode Fire,Modoc,41.72163,-121.30451,2017,410,
Jennings Fire,San Diego,32.84796,-116.85396,2017,400,
Sonoma Fire,Fresno,36.45491,-120.2445,2017,400,
Pleasant Fire,Nevada,39.34292,-121.12004,2017,392,0
Bear Fire,Santa Cruz,37.18356,-122.07012,2017,391,6
West Fire,Modoc,41.16716,-120.58342,2017,380,
Chris Fire,Mono,38.46111,-119.48284,2017,370,
Willow Fire,Contra Costa,38.02929,-122.25544,2017,370,
Creek Fire,Fresno,36.27306,-120.65185,2017,357,
Stone Fire,San Luis Obispo,35.42433,-120.47322,2017,340,
Dinely Fire,Tulare,36.45809,-118.87676,2017,339,
Rose Fire,Kern,34.92907,-118.9267,2017,338,
Bryant Fire,San Bernardino,34.08492,-117.03826,2017,325,
Marble Fire,Del Norte,41.478,-123.506,2017,319,
Liberty Fire,Riverside,33.59257,-117.14979,2017,300,
Bravo Fire,Kern,35.41283,-118.84466,2017,288,
Little Mountain Fire,San Bernardino,34.16564,-117.33334,2017,260,
Lost Fire,San Diego,33.34659,-116.66107,2017,255,
Huasna Fire,San Luis Obispo,35.12269,-120.39387,2017,245,
Murphy Fire,Fresno,36.24653,-120.31598,2017,237,
Largo Fire,El Dorado,38.538332,-121.039267,2017,236,
Deer Complex,Contra Costa,37.87808,-121.78677,2017,231,
Spring Fire,Mariposa,37.4591,-119.921,2017,225,0
Camp Fire,San Luis Obispo,35.34541,-120.76464,2017,225,
Arrow Fire,San Luis Obispo,35.21177,-119.87525,2017,225,
Bodfish Fire,Kern,35.59804,-118.47939,2017,206,
Eagle Fire,Riverside,33.85323,-117.48195,2017,205,
Skeleton Fire,Lake,39.44543,-122.85194,2017,200,
Range Fire,Alameda,37.72543,-121.90516,2017,200,
Eclipse Fire,San Diego,32.65003,-116.42907,2017,200,
Rose Fire,Riverside,33.689092,-117.396404,2017,200,
Tehama Fire,Tehama,40.02261,-121.91425,2017,194,
Wasioja Fire,Santa Barbara,34.9465,-119.8036,2017,190,
Toll Fire,Plumas,39.9864,-120.89746,2017,186,
Wild Fire,Fresno,36.704679,-120.405077,2017,186,
Rolling Fire,Kern,35.3091,-118.701,2017,184,
Quarry Fire,Kern,35.19008,-118.76152,2017,183,
Laverne Fire,Shasta,40.47106,-122.43608,2017,180,5
High Fire,San Bernardino,34.41204,-117.03031,2017,170,
Hills Fire,Riverside,33.87679,-117.00258,2017,168,
Evans Fire,Sierra,39.71101,-120.02325,2017,168,
Honcut Fire,Butte,39.37192,-121.53865,2017,166,
Peg Fire,Lassen,40.80968,-120.48641,2017,157,
26 Fire,Madera,37.12759,-120.0193,2017,157,
Corral Fire,Alameda,37.63358,-121.49925,2017,155,
Hill Fire,Siskiyou,41.9808,-121.9741,2017,155,
Smiley Fire,Riverside,33.98639,-117.21314,2017,153,
Honey Fire,Butte,39.74679,-121.67261,2017,150,
Olive Fire,San Luis Obispo,35.7751,-120.23656,2017,150,
Lucy Fire,San Luis Obispo,35.6871,-120.3187,2017,150,
41 Fire,Madera,36.90967,-119.79315,2017,150,
Tower Fire,San Bernardino,34.30104,-117.45646,2017,150,
River Fire,Trinity,40.46836,-123.51619,2017,148,
Grape Fire,Mendocino,39.02482,-123.1362,2017,146,
Soda Fire,Butte,40.07613,-121.56858,2017,143,
Ranch Fire,El Dorado,38.559707,-120.70013,2017,140,
French Fire,El Dorado,38.5758,-120.915,2017,136,
Gorman Fire,Los Angeles,34.792882,-118.851943,2017,135,
King Fire,Tulare,35.8556,-118.74542,2017,135,
Skyway Fire,Butte,39.69717,-121.75417,2017,134,
Point Fire,Calaveras,38.40234,-120.52953,2017,130,4
Border Fire,San Diego,32.6001,-116.76997,2017,130,
Olive Fire,San Luis Obispo,35.78286,-120.22647,2017,130,
Oak Fire,Shasta,40.69554,-122.0122,2017,128,
Tumey Fire,Fresno,36.5355,-120.6585,2017,126,
Coronado Fire,Mariposa,37.62823,-120.30046,2017,125,
Twist Fire,Tuolumne,37.90014,-120.36005,2017,124,
Stewart Fire,Riverside,34.009026,-117.239099,2017,122,
Margarita Fire,San Luis Obispo,35.31886,-120.50886,2017,120,
Lamb Fire,Riverside,33.88287,-116.99651,2017,120,
Maria Fire,Calaveras,38.29113,-120.62177,2017,117,
Fallon Fire,Alameda,37.7393,-121.85663,2017,116,
Canyon Fire,Napa,38.49336,-122.2483,2017,114,
Flat Fire,Fresno,36.93332,-119.43376,2017,111,
Lone Fire,Butte,39.38416,-121.5786,2017,111,
Poly Fire,San Luis Obispo,35.3024,-120.65279,2017,105,
Canyon Fire,Riverside,33.950382,-116.884446,2017,105,
Humboldt Fire,Butte,39.76243,-121.74121,2017,103,
Coalinga Fire,Fresno,36.36113,-120.32685,2017,102,
Lariat Fire,Santa Clara,37.39801,-121.8179,2017,101,
Church Fire,San Diego,32.64962,-116.37345,2017,100,
Oakmont Fire (Central LNU Complex),Sonoma,38.46123,-122.58152,2017,100,
Long Fire,Lake,39.0199,-122.57487,2017,100,
Timm Fire,Solano,38.43658,-121.97233,2017,100,
Bally Fire,Santa Clara,36.99092,-121.59899,2017,100,
Parkfield Fire,Fresno,36.09486,-120.52189,2017,100,
Tilton Fire,Santa Clara,37.14653,-121.68165,2017,100,
Mile Fire,San Bernardino,34.19076,-117.26969,2017,100,
Oak Fire,San Bernardino,34.035344,-116.940661,2017,99,
Reed Fire,Riverside,33.57139,-116.8247,2017,92,
Auberry Fire,Fresno,36.95104,-119.65621,2017,91,5
Wilbur Fire,Butte,39.52499,-121.64897,2017,91,
Daulton Fire,Madera,37.09773,-120.02027,2017,90,
Ridge Fire,Lake,39.15016,-122.576,2017,87,
Vista Fire,Ventura,34.34949,-119.30918,2017,86,
Marlborough Fire,Riverside,117.337331,34.015742,2017,85,
Saw Fire,Humboldt,40.11794,-123.76099,2017,85,
Dollar Fire,San Bernardino,34.20152,-117.14466,2017,85,
Ranch Fire,Santa Clara,37.3344,-121.71752,2017,85,
Country Fire,Monterey,35.86596,-120.64584,2017,82,
Loma Fire,San Diego,33.38613,-117.46709,2017,81,
Holiday Fire,El Dorado,38.869036,-119.61865,2017,80,
Mills File,Plumas,40.13278,-120.9204,2017,79,
Fountain Fire ,Tulare,35.89423,-119.00334,2017,79,
Castro Fire,Santa Clara,36.96607,-121.55552,2017,78,
Spring Fire ,Tehama,40.38944,-122.13088,2017,78,
McCourtney Fire (Wind Complex),Nevada,39.19325,-121.08406,2017,76,13
Tivy Fire,Fresno,36.8005,-119.35901,2017,76,
Linne Fire,San Luis Obispo,35.5956,-120.56068,2017,74,
Axel Fire,El Dorado,38.7803,-120.97111,2017,74,
Bryant Fire,San Bernardino,34.07612,-117.06765,2017,74,
Lynch Fire,San Luis Obispo,35.78616,-120.96514,2017,73,
Ellis Fire,Riverside,33.75526,-117.25075,2017,72,
Camatta Fire,San Luis Obispo,35.4403,-120.2913,2017,70,
Sand Fire,Colusa,39.01224,-122.20127,2017,70,
Felipe Fire,Santa Clara,37.25014,-121.68562,2017,70,
Manning Fire,Fresno,36.60736,-120.5828,2017,70,
Hill Fire,Fresno,36.7279,-119.28241,2017,69,
Clay Fire,Sacramento,38.33707,-121.11113,2017,68,
River Fire,Lassen,40.03392,-120.1064,2017,67,
Orange Fire,Stanislaus,37.82934,-120.68992,2017,65,
Placentia Fire,Riverside,33.81976,-117.18552,2017,63,
Westfall Fire,Mariposa,37.36914,-120.0088,2017,63,
Montezuma Fire,San Diego,33.20988,-116.46989,2017,62,
Bottle Fire,Lake,38.94599,-122.81135,2017,62,
Lake Fire,Stanislaus,37.64898,-120.4925,2017,62,
Bolla Fire,Tehama,40.32063,-122.83208,2017,60,
Fox Fire,Tulare,36.18815,-118.78928,2017,59,
Quail Fire,Calaveras,38.18303,-120.85322,2017,59,
Silver Fire,Fresno,36.7528,-119.2288,2017,58,3
Slides Fire,Lake,39.42604,-123.03344,2017,58,
Hogback Fire,Tulare,36.64404,-118.99944,2017,58,
Tower Fire,San Luis Obispo,35.346,-120.62825,2017,58,
Live Fire,Tehama,40.1583,-122.3209,2017,57,
Freedom Fire,Fresno,36.81476,-119.51592,2017,57,
Bogus Fire,Siskiyou,41.93006,-122.36545,2017,56,
Estate Fire,Solano,38.4446,-122.0041,2017,55,2
Owens Fire,Siskiyou,41.99483,-121.90077,2017,55,
Topanga Fire,Los Angeles,34.03941,-118.58624,2017,55,
Bradley Fire,Siskiyou,41.222,-122.292,2017,54,
Bradley Fire,Siskiyou,41.222,-122.27499,2017,54,
Quimby Fire,Santa Clara,37.33454,-121.76323,2017,54,
Weller Fire,Santa Clara,37.44485,-121.84108,2017,51,
Tank Fire,Kern,35.21556,-118.56578,2017,50,
Extension Fire,Riverside,33.8826,-117.00589,2017,50,
Wilson Fire,Los Angeles,34.22551,-118.05545,2017,50,
Skeggs Fire,San Mateo,37.41591,-122.3001,2017,50,
Calgary Fire,Kern,35.70639,-118.47307,2017,50,
Mesa Fire,Santa Barbara,34.72379,-120.13249,2017,50,
West Fire,Yuba,39.06308,-121.303,2017,50,
Grade Fire,Ventura,34.20599,-118.98603,2017,50,
Lago Fire,Riverside,33.87739,-117.16215,2017,50,
Douglas Fire,San Diego,33.23281,-117.29509,2017,50,
Power Fire,Madera,36.94652,-120.90462,2017,48,
Serenas Fire,Riverside,33.58577,-116.07429,2017,48,
Bitterwater Fire,San Benito,36.38109,-121.00391,2017,47,
Zenon Fire,San Luis Obispo,35.06472,-120.5634,2017,47,
Canyon Fire,Riverside,33.6444,-117.3968,2017,46,
Hidden Fire,San Bernardino,34.149,-117.189,2017,46,
Whitepine Fire,Siskiyou,41.8721,-122.4571,2017,46,
Riverbottom Fire,Riverside,33.9885,-117.38417,2017,45,
Pozo Fire,San Luis Obispo,35.28738,-120.44448,2017,45,
Grace Fire,Shasta,40.48712,-121.85645,2017,45,
Mines Fire,Alameda,37.56181,-121.56425,2017,44,
Roser Fire,Tehama,39.81517,-122.28165,2017,43,
Pine Fire,Monterey,36.17297,-120.87609,2017,43,
Lockwood Fire,Monterey,35.96275,-121.08753,2017,42,
Paskenta Fire,Tehama,40.10282,-122.27379,2017,42,
Jones Fire,Modoc,41.38247,-120.53443,2017,42,
Ward Fire,Siskiyou,41.99279,-122.9401,2017,41,
Stokes Fire,Los Angeles,34.10446,-118.70294,2017,41,
Feed Fire,Kern,35.05076,-118.90004,2017,41,
Riverdale Fire,Riverside,33.96514,-117.4764,2017,40,
Palm Fire,Riverside,33.90327,-116.50151,2017,40,
Freeway Fire,San Bernardino,34.13534,-117.4982,2017,40,
Jones Fire,Shasta,40.70627,-122.24199,2017,40,
Lakewood Fire,Kern,35.59302,-118.46734,2017,40,
Hole Fire,Del Norte,41.98128,-124.01168,2017,40,
Translator Fire,Humboldt,41.02705,-123.63721,2017,40,
Vestal Fire,Tehama,40.29831,-122.70449,2017,40,
Murphy Fire,Lake,38.86056,-122.62382,2017,40,
Reservation Fire,Monterey,36.66684,-121.74826,2017,40,
Table Fire,Tuolumne,37.896778,-120.504134,2017,39,
Spenceville Fire,Yuba,39.06522,-121.3519,2017,39,5
Toll Fire,Solano,38.07481,-122.23004,2017,39,
Pine Fire,Marin,37.9775,-122.65749,2017,38,
Red Fire,Tuolumne,37.85137,-120.45268,2017,38,
 Bridge Fire,Shasta,40.774,-122.309,2017,37,
Banderilla Fire,Mariposa,37.65963,-120.34802,2017,36,
Black Fire,San Diego,33.1683,-116.77342,2017,36,
Melba Fire,Riverside,33.74925,-117.10301,2017,35,
Spaletta Fire,Marin,38.08055,-122.77846,2017,35,
Jurupa Fire,Riverside,33.99316,-117.48405,2017,35,
Latrobe Fire,Sacramento,38.45822,-120.92162,2017,35,
Breckenridge Fire,Kern,35.37351,-118.84134,2017,35,
Smiley Fire,Riverside,33.96419,-117.20507,2017,35,
Meyers Fire,San Bernardino,34.21829,-117.40625,2017,34,
Ellie Fire,Riverside,33.73547,-117.33364,2017,34,
Miller Fire,Humboldt,40.03697,-123.64214,2017,34,
Valley Fire,San Benito,36.85596,-121.30983,2017,34,
Christmas Fire,Riverside,33.763304,-117.314994,2017,33,
Valley Fire,Riverside,33.584036,-116.972036,2017,33,
Creek Fire ,Kern,35.60633,-118.4642,2017,33,
Sandy Fire,Trinity,40.804,-123.375,2017,32,
Sandy Fire,Trinity,40.79902,-123.39253,2017,32,
Washington Fire,Riverside,33.62613,-117.07975,2017,32,
Shore Fire,Monterey,35.90092,-120.93371,2017,32,
Pleyto Fire,Monterey,35.902149,-120.983684,2017,32,
York Fire,Monterey,36.5858,-121.80377,2017,31,
Juniper Fire,Fresno,36.099681,-120.443545,2017,31,
Hub Fire,Kern,35.60001,-118.4683,2017,31,
Castaic Fire,Los Angeles,34.52055,-118.62882,2017,30,
Blocksburg Fire,Humboldt,40.27582,-123.64281,2017,30,
Timber Fire,Riverside,33.96896,-117.25411,2017,30,
Ice Fire,El Dorado,38.77921,-120.46234,2017,29,
Benson Fire,Tehama,40.29118,-122.42606,2017,29,
32 Fire,Butte,39.8255,-121.7127,2017,28,
4-4 Fire,Modoc,41.4844,-120.36659,2017,28,
Shore Fire,Del Norte,41.93323,-124.19629,2017,28,
Nuevo Fire,Riverside,33.79925,-117.11659,2017,28,
4-10 Fire,Modoc,41.64469,-120.31814,2017,27,
Vernon Fire,Riverside,33.82165,-116.96079,2017,27,
Jasper Fire,Yuba,39.03168,-121.40947,2017,26,
Trellis Fire,Riverside,33.71025,-117.31924,2017,26,
Fairview Fire,Riverside,33.94788,-116.59719,2017,26,
Wilson Fire,San Diego,33.18716,-116.50897,2017,25,
Cove Fire,San Luis Obispo,35.76343,-121.04445,2017,25,
Border 9 Fire,San Diego,32.59252,-116.61609,2017,25,
Hopper Fire,Shasta,40.71923,-122.02525,2017,25,
Sloane Fire,San Diego,32.7789,-116.8516,2017,25,
Road Fire,Madera,37.02081,-119.95136,2017,25,
5 Fire,Los Angeles,34.29931,-118.37539,2017,25,
Ribbonwood Fire,San Diego,32.679,-116.29296,2017,25,
Portola Fire,Riverside,33.50488,-117.02132,2017,23,
Edwards Fire,Alameda,37.77982,-122.169,2017,22,
Gold Fire,Calaveras,38.20176,-120.67848,2017,22,
Refuge Fire,Napa,38.68347,-122.2654,2017,22,
Soda Fire,San Luis Obispo,35.41112,-120.00353,2017,21,
Mule Fire,Lake,39.01748,-122.49327,2017,21,
Globe Fire,Tulare,36.10858,-118.81979,2017,21,
Highway Fire,Butte,39.364,-121.4143,2017,21,
Platina Fire,Shasta,0,0,2017,21,
Bitterwater Fire,San Benito,36.35578,-120.99552,2017,21,
Blue Fire,Humboldt,40.88516,-123.96844,2017,20,
Fort Fire,Sonoma,38.51937,-123.24713,2017,20,
36 Fire,Tehama,40.20077,-122.24731,2017,20,
Falls Fire,Tuolumne,37.65986,-120.31157,2017,20,
Seine Fire,San Bernardino,34.139,-117.199,2017,20,
Range Fire,Mendocino,39.13207,-123.10227,2017,20,
Reed Fire,Riverside,33.52584,-116.85226,2017,20,
Fish Fire,Contra Costa,37.86549,-122.2102,2017,20,
City Fire,Kings,35.983,-119.91508,2017,20,
Nacimiento Fire,Monterey,35.77082,-120.92482,2017,20,
Longhorn Fire,Riverside,33.88994,-116.91023,2017,19,
Garden Fire,Nevada,39.06414,-121.13737,2017,19,
Nuevo Fire,Riverside,33.797216,-117.124538,2017,19,
Sway Fire,Humboldt,40.39799,-123.57562,2017,19,
Willms Fire,Stanislaus,37.81827,-120.65764,2017,19,
King Fire,Siskiyou,40.703775,-122.645079,2017,19,
Fay Fire,Kern,35.71704,-118.30601,2017,19,
Bodega Fire,Sonoma,38.26294,-122.71998,2017,18,
Lakeland Fire,Butte,39.53944,-121.54722,2017,18,
Panoche Fire,Fresno,36.61332,-120.7109,2017,18,
Pine Fire,Monterey,36.1727,-120.86682,2017,18,
Ramblin Fire,Mariposa,37.41231,-119.87465,2017,17,
Corner Fire,Shasta,40.92602,-121.5935,2017,17,
Sky Fire,Shasta,40.69259,-122.17384,2017,17,
Rocky Fire,San Luis Obispo,35.556667,-120.474,2017,17,
Lonoak Fire,Monterey,36.2771,-120.94328,2017,17,
Canyon Fire,Riverside,33.88466,-116.99229,2017,17,
Elk Fire,Kern,35.188,-119.2877,2017,16,
Matz Fire,San Bernardino,34.04412,-116.55326,2017,16,
Rusty Fire,Fresno,36.96642,-119.58292,2017,16,
Paskenta Fire ,Tehama,39.87983,-122.5415,2017,15,
Greenhorn Fire,Nevada,39.16826,-120.95498,2017,15,
Centerville Fire,Modoc,41.45589,-120.56933,2017,15,
Alvarado Fire,Monterey,35.947,-120.87492,2017,15,
Lombardi Fire,Calaveras,38.19906,-120.83484,2017,15,
66 Fire,Riverside,33.56777,-116.08003,2017,15,
Drum Fire,Santa Barbara,34.71796,-120.27077,2017,14,
Coast Fire,Santa Barbara,34.605358,-120.414875,2017,14,
Desabla Fire,Butte,39.8629,-121.6268,2017,14,
Hog Fire,Monterey,35.80375,-120.52508,2017,14,
Moraga Fire,Riverside,33.97155,-117.44148,2017,14,
Milton Fire,Stanislaus,37.89532,-120.84748,2017,13,
Woodland Fire,El Dorado,38.69775,-120.73757,2017,13,
Rosado Fire,El Dorado,38.67474,-121.06088,2017,13,
Silver Fire,San Bernardino,34.304722,-117.3125,2017,13,
Pacific Fire,Butte,39.44257,-121.60683,2017,12,
Dehesa Fire,San Diego,0,0,2017,12,
Shandon Fire,San Luis Obispo,35.6879,-120.3317,2017,12,
Jameson Fire,Riverside,33.7866,-117.5048,2017,12,
Taglio Fire,Merced,37.21812,-121.07761,2017,12,
Independence Fire,Sonoma,38.70289,-122.90217,2017,11,
Lisa Fire,Riverside,33.913089,-117.096233,2017,11,
Freeway Fire,Tehama,40.24789,-122.255,2017,10,
Dexter Fire,Mariposa,37.76888,-120.15846,2017,10,
Shaver Fire,Fresno,37.10067,-119.32109,2017,10,
Sandra Fire,Amador,38.34421,-120.72274,2017,10,
Rincon Fire,Los Angeles,34.23925,-117.85182,2017,10,
Grizzly Fire,Nevada,39.36902,-120.97586,2017,10,
North Fire,Shasta,40.48972,-122.38619,2017,10,
Navajo Fire,Riverside,33.77896,-117.24091,2017,10,
Rebie Fire,Butte,39.50475,-121.33785,2017,10,
Canyon Fire,Riverside,33.91806,-116.99321,2017,10,
Brewer Fire,Nevada,39.08382,-121.06656,2017,10,
Lambs Fire,Riverside,33.90965,-116.9669,2017,10,
Springs Fire,Riverside,117.138741,33.939428,2017,10,
Pine Fire,Kern,35.564124,-118.796513,2017,10,
Shirleon Fire ,Riverside,33.87107,-116.88097,2017,10,
Twenty Fire,Yuba,39.23205,-121.376,2017,10,
Champagne Fire,Kern,34.87128,-118.35296,2017,10,
Moreno Fire,Riverside,33.94673,-117.17773,2017,10,
Soledad Fire,Monterey,36.44141,-121.34695,2017,10,
Pressley Fire (Central LNU Complex),Sonoma,38.36685,-122.64001,2017,0,
Partrick Fire (Central LNU Complex),Napa,38.31802,-122.39052,2017,0,
Rattlesnake Fire,Mariposa,37.73596,-119.78256,2017,0,
Clear Complex (merged into Eclipse Complex),Siskiyou,41.702,-123.508,2017,0,
Warner Mountain Lightning,Modoc,41.338,-120.304,2017,0,
Creek Fire,Glenn,39.75425,-122.17657,2017,0,
Antelope Fire,Lassen,40.6361,-120.9643,2017,0,
Klamath Fire,Siskiyou,41.86609,-122.73031,2017,0,
 Cristianitos Fire,San Diego,33.43513,-117.58252,2017,0,
Salmon-August Complex ,Siskiyou,41.841,-123.474,2017,0,
King Incident,Tulare,36.51912,-119.50606,2017,0,
Range Fire,San Luis Obispo,35.85253,-120.80411,2017,0,
Oroville Spillway ,Butte,39.51158,-121.55633,2017,0,
Ranch Fire (Mendocino Complex),Colusa,39.243283,-123.103367,2018,410203,246
Ranch Fire (Mendocino Complex),Glenn,39.243283,-123.103367,2018,410203,246
Ranch Fire (Mendocino Complex),Lake,39.243283,-123.103367,2018,410203,246
Ranch Fire (Mendocino Complex),Mendocino,39.243283,-123.103367,2018,410203,246
Carr Fire,Shasta,40.65428,-122.62357,2018,229651,1614
Carr Fire,Trinity,40.65428,-122.62357,2018,229651,1614
Camp Fire,Butte,39.8134,-121.4347,2018,153336,18804
Woolsey Fire,Los Angeles,34.235,-118.70128,2018,96949,1643
Woolsey Fire,Ventura,34.235,-118.70128,2018,96949,1643
Ferguson Fire,Mariposa,37.6549,-119.88581,2018,96901,
County Fire,Napa,38.80583,-122.18183,2018,90288,29
County Fire,Yolo,38.80583,-122.18183,2018,90288,29
Delta Fire,Shasta,40.9425,-122.43,2018,63311,42
Delta Fire,Trinity,40.9425,-122.43,2018,63311,42
River Fire (Mendocino Complex),Colusa,39.04786,-123.11971,2018,48920,35
River Fire (Mendocino Complex),Lake,39.04786,-123.11971,2018,48920,35
River Fire (Mendocino Complex),Mendocino,39.04786,-123.11971,2018,48920,35
Hirz Fire,Shasta,40.896,-122.219,2018,46150,
Stone Fire,Modoc,41.38544,-121.04386,2018,39387,
Klamathon Fire,Siskiyou,41.893332,-122.534655,2018,38008,83
Donnell Fire,Tuolumne,38.349,-119.929,2018,36450,
Holy Fire,Orange,33.69888,-117.52055,2018,23136,24
Whaleback Fire,Lassen,40.633536,-120.868091,2018,18703,
Pawnee Fire,Lake,39.0674,-122.59848,2018,15185,22
Cranston Fire,Riverside,0,0,2018,13139,12
Waverly Fire,San Joaquin,38.052055,-120.945482,2018,12300,1
Boot Fire,Mono,38.347395,-119.45186,2018,6974,
Planada Fire,Merced,37.39339,-120.34207,2018,4564,
Hill Fire,Ventura,34.22685,-118.93444,2018,4531,4
Branscombe Fire,Solano,0,0,2018,4500,
Lions Fire,Madera,37.571,-119.118,2018,4064,
Sun Fire,Tehama,40.22027778,-122.18,2018,3889,
Lane Fire,Tehama,40.35068,-121.77867,2018,3716,
Mill Creek 1 Fire,Humboldt,41.07944,-123.688056,2018,3674,
Charlie Fire,Los Angeles,34.48229,-118.60858,2018,3380,
Five Fire,Kings,35.97896,-119.98329,2018,2995,
Apple Fire,Tehama,39.94355,-122.3571,2018,2956,5
Tarina Fire,Kern,35.37444,-118.83556,2018,2950,
Georges Fire,Inyo,36.6734,-118.21881,2018,2883,
Snell Fire,Napa,38.69601,-122.44468,2018,2490,
Chrome Fire,Glenn,39.64978,-122.58218,2018,2290,1
Turkey Fire,Monterey,35.847778,-120.343056,2018,2225,
Nelson Fire,Solano,38.431278,-122.043747,2018,2162,1
Eagle Fire,Modoc,41.29363,-120.11461,2018,2100,
Pleasant Fire,Inyo,37.40208,-118.50235,2018,2070,
Hat Fire,Shasta,40.99344,-121.52225,2018,1900,
Nees Fire,Merced,36.85156,-120.77206,2018,1756,
Kerlin Fire,Trinity,40.616251,-123.52019,2018,1751,
Creek Fire,Shasta,40.50318,-122.42308,2018,1678,11
Nurse Fire,Solano,38.21396,-121.9424,2018,1500,
Yankee Fire,San Luis Obispo,35.73629,-120.75593,2018,1500,
Stone Fire,Los Angeles,34.5486,-118.31138,2018,1352,
Valley Fire,San Bernardino,34.095568,-116.958806,2018,1350,
Airline Fire,San Benito,36.40755,-120.99322,2018,1314,
Moffat Fire,Inyo,36.71537,-118.08449,2018,1265,
Patterson Fire,Riverside,33.62924,-117.05992,2018,1261,
Butte Fire,Sutter,39.186144,-121.792885,2018,1200,
North Fire,Placer,39.268611,-120.658333,2018,1120,
Front Fire,Santa Barbara,35.11416667,-120.0922222,2018,1014,
Breckenridge Fire,Kern,35.387408,-118.817934,2018,993,
Eel Fire,Mendocino,39.82877,-123.08489,2018,972,
Stoney Fire,Butte,39.77124,-121.76859,2018,962,
Dale Fire,Tehama,40.33682,-121.93908,2018,856,
Irish Fire,Amador,38.42623,-120.95408,2018,825,1
Eighty Eight Fire,Yolo,38.59694444,-121.9938889,2018,822,
Sunset Fire,Placer,38.82426,-121.451307,2018,700,
River Fire,Tulare,35.79012,-118.7393,2018,668,
Gulch Fire,Monterey,36.00912,-120.82226,2018,650,
Tumbleweed Fire,Lassen,40.3768,-120.36403,2018,646,
Grant Fire,Alameda,37.75646,-121.60646,2018,640,
Tulloch Fire,Tuolumne,37.83388,-120.61746,2018,573,
June Fire,Butte,39.36529,-121.51707,2018,550,
Eastern Fire,San Benito,36.378333,-120.901167,2018,513,
West Fire,San Diego,32.833674,-116.7311,2018,504,48
Grant Fire,Alameda,37.75375,-121.57918,2018,484,1
Hyatt Fire,Lassen,40.316137,-120.45053,2018,441,4
Metz Fire,Monterey,36.35502,-121.1563,2018,400,
San Ardo,Monterey,35.95515,-120.86256,2018,375,
Call Fire,Kern,35.51777778,-118.6525,2018,367,
Pasqual Fire,San Diego,33.07892,-116.91845,2018,365,
Oak Fire,Madera,37.38789,-119.68912,2018,360,
Shippee Fire,Butte,39.59872,-121.78208,2018,347,
Owens Fire,Inyo,37.735461,-118.970443,2018,338,
Bascom Fire,Shasta,40.52909,-122.17457,2018,328,
Country Fire,Santa Clara,37.449425,-121.88807,2018,320,1
Shingle Fire,El Dorado,38.539806,-121.059979,2018,316,
Flat Fire,Trinity,40.60402,-122.9144,2018,300,
ONeals Fire,Madera,37.10181,-119.623981,2018,300,
Alpha Fire,San Diego,33.389425,-117.502405,2018,300,
Twisselman Fire,Kern,0,0,2018,293,
South Fire,Calaveras,38.061298,-120.872244,2018,290,
Eastman Fire,Madera,37.197039,-120.002619,2018,289,
Skyline Fire,Riverside,33.836101,-117.607577,2018,282,
Panoche Fire,San Benito,36.65351,-121.0454,2018,278,
Valley Fire,Contra Costa,37.94714,-121.9921,2018,268,
Stoll Fire,Tehama,40.18395,-122.27574,2018,268,24
Recycle Fire,San Diego,32.63046,-116.46674,2018,265,
Wilson Fire,Tehama,40.34256,-121.43025,2018,261,
Fox Fire,San Luis Obispo,35.33916,-120.71488,2018,260,
Santa Cruz Fire,Santa Barbara,34.0232,-119.76576,2018,258,
Rangeland Fire,San Diego,33.076239,-116.902985,2018,250,
Marsh Fire,Contra Costa,37.89612,-121.85847,2018,247,1
Steamboat Fire,Siskiyou,41.70877,-122.47293,2018,224,
Petersburg Fire,Siskiyou,41.085,-123.051,2018,215,
Beaver Fire,San Benito,36.37532,-120.862579,2018,215,
Rock Fire,San Diego,33.41476,-117.24044,2018,207,
Ribbon Fire,Riverside,33.571763,-116.500058,2018,205,
Water Fire,Kern,34.91482,-118.92485,2018,200,
Bear Fire,Merced,37.33924,-120.24315,2018,200,
Par Fire,Butte,39.491737,-121.637759,2018,191,
Peak Fire,Ventura,34.26734825,-118.6438159,2018,186,
Dinosaur Fire,Merced,37.05876,-121.176354,2018,185,
South Fire,Los Angeles,37.97638,-122.5275,2018,175,
Aliso Fire,Orange,33.55132,-117.72044,2018,175,
Ogilvy Fire,Santa Barbara,34.576944,-119.61416,2018,172,
Sierra Fire,Tehama,40.12791,-122.19792,2018,170,
Priest Fire,Monterey,36.18401,-120.69955,2018,167,
Roxie Fire (Formerly 1-1 Fire),Lassen,40.34822,-120.82497,2018,167,
Fork Fire,Los Angeles,34.2325,-117.846111,2018,166,
Flat Fire,Tuolumne,37.80785,-120.30187,2018,163,
Winters Fire,Solano,38.45673,-121.94658,2018,160,
Gorge Fire,Shasta,40.36888889,-122.8905556,2018,155,
Santiago Fire,Orange,33.787838,-117.746625,2018,155,
Euclid Fire,Riverside,33.925862,-117.654299,2018,154,
Irving Fire,Marin,38.02447,-122.727,2018,152,
Briggs Fire,Ventura,34.30166667,-119.0991667,2018,150,
Nacimiento Fire,Monterey,35.97677,-121.24898,2018,150,
Sliger Fire,El Dorado,38.94388,-120.92611,2018,150,
Sierra Fire,San Bernardino,34.18075,-117.43184,2018,147,
Parrots Fire,Calaveras,38.08424,-120.46078,2018,136,
Steele Fire,Napa,38.51943,-122.18353,2018,135,8
Pico Fire,Los Angeles,34.38039,-118.60441,2018,128,
Open Fire,Glenn,39.46543,-122.65582,2018,127,
Shastina Fire,Siskiyou,41.65935,-122.48556,2018,127,
Sterling,San Bernardino,34.15475,-117.244366,2018,125,
Market Fire,Tulare,36.47766,-119.10433,2018,120,
Murphy Fire,Plumas,39.996944,-121.27,2018,117,
Idria Fire,San Benito,36.59036,-120.82355,2018,116,
Bridle Fire,Santa Clara,37.06367,-121.53586,2018,116,
Wheeler Fire,Mariposa,37.707234,-120.199162,2018,115,
Pine Fire,Kern,35.56888889,-118.8013889,2018,114,
Holiday Fire,Santa Barbara,34.463889,-119.831389,2018,113,24
Windmill Fire,Santa Barbara,34.62412,-120.22298,2018,110,
Cobble Fire,Fresno,36.75581,-119.42172,2018,108,
Western Fire,Mendocino,38.8802,-123.0496,2018,106,
Cache Fire,Lake,39.02017,-122.57496,2018,103,
Jelly Fire,Tehama,40.31759,-122.21032,2018,103,
Cloverdale Fire,San Diego,33.0971179,-117.0242529,2018,100,
Balch Fire,Tulare,36.21634,-118.82989,2018,100,
Box Fire,San Bernardino,34.22526,-117.40967,2018,100,
Water Fire,San Luis Obispo,35.56922,-120.12441,2018,100,
Sam Fire,Monterey,35.9352,-121.11936,2018,96,
Sheep Fire,Kern,35.1234,-118.72905,2018,95,
Peach Fire ,Mendocino,39.038859,-123.38493,2018,90,
3-16 Fire,Lassen,40.94666,-121.27049,2018,89,
Horn Fire,Lassen,40.83116,-120.19336,2018,88,
Redinger Fire,Madera,37.179167,-119.431667,2018,88,
Plaza Fire,Merced,37.056944,-121.01638,2018,88,
Shandon Fire,San Luis Obispo,-120.258,-120.258,2018,80,
Spring 2 Fire,Lake,39.06715,-122.59789,2018,80,1
Horse Fire,Calaveras,37.95766,-120.68902,2018,80,2
Cruces Fire,Santa Barbara,34.54305556,-120.3180556,2018,77,
Silver Fire,Shasta,40.5939,-122.17173,2018,76,1
Anchor Fire,Fresno,36.696879,-119.304499,2018,76,
Stony Fire,Colusa,39.2976,-122.512012,2018,75,
Chrome Fire,Glenn,39.65578,-122.58666,2018,75,
Main Fire,Riverside,33.67815,-117.32281,2018,73,
Curie Fire,Santa Clara,37.22545,-121.79189,2018,70,
Tesla Fire,Santa Clara,37.66074,-121.67144,2018,70,
Spring Fire,Tehama,40.394073,-122.135924,2018,70,
Tornado Fire,Riverside,33.504964,-117.148204,2018,70,
Romero Fire,Merced,37.08529,-121.09354,2018,68,
Bumper Fire,El Dorado,38.645,-120.874167,2018,67,
Heart Fire,Mendocino,39.279833,-123.258319,2018,67,
Omega Fire,El Dorado,38.82128,-121.03918,2018,66,1
Panoche Fire,San Benito,36.64832,-121.03253,2018,64,
Park Fire,Santa Clara,37.1769444,-121.6869444,2018,63,
Highland Fire,Shasta,40.741186,-122.649626,2018,63,
Benton Fire,Riverside,33.56349,-116.732032,2018,63,
Cherry Fire,Siskiyou,41.83359,-122.99272,2018,63,
Stuhr Fire,Stanislaus,37.32744,-121.10903,2018,63,
Lebec Fire,Kern,34.86022,-118.87881,2018,62,
Canyon Fire,Los Angeles,34.53765,-118.75495,2018,62,
Liberty Fire,San Joaquin,38.24033,-121.09199,2018,62,
Adams Fire,Tehama,40.346652,-122.308479,2018,60,
Grade Fire,Lake,38.8275,-122.3625,2018,60,
Raymond Fire,Madera,37.14663,-119.91223,2018,60,
Creston FIre,San Luis Obispo,35.58354,-120.624135,2018,60,
Vista Fire,San Luis Obispo,35.663607,-120.670311,2018,60,
Happy Fire,Santa Barbara,34.74245,-120.18236,2018,60,
Agua Fire,San Diego,33.35505,-117.03134,2018,59,
Camino Fire,San Luis Obispo,35.17693,-120.48861,2018,58,
3-10 Fire,Lassen,40.95234,-121.21597,2018,56,
Bruce Fire,Contra Costa,37.79718,-121.85311,2018,56,
Experimental Fire,Madera,37.0979,-119.75307,2018,56,
Keenbrook Fire,San Bernardino,34.24138,-117.42431,2018,53,
Copper Fire,Lassen,40.33642,-120.93005,2018,53,
Boyer Fire,Mariposa,37.47677,-119.84299,2018,53,1
Kelley Fire,Modoc,41.50105,-120.61108,2018,52,
Reservoir Fire,San Luis Obispo,35.30151,-120.64398,2018,51,
Crestline Fire,Shasta,40.824,-121.90215,2018,51,
Hale Fire,Santa Clara,37.163594,-121.702547,2018,51,
Carder Fire,Lake,38.91152,-122.86854,2018,50,1
Tuscan Fire,Tehama,40.27754,-122.11375,2018,50,
Haycamp Fire,Monterey,35.96689,-121.28185,2018,50,
Castro Fire,Alameda,37.69926,-122.02805,2018,48,
Buckingham Fire,Contra Costa,37.86339,-122.12351,2018,45,
Bridge Fire,Marin,38.07135,-122.76751,2018,45,
Simmons Fire,Butte,39.57202,-121.43131,2018,43,
Martinez Fire,Riverside,33.56921,-116.154398,2018,40,
Ben Fire,Mariposa,37.28365,-119.97546,2018,40,
Iron Fire,Contra Costa,37.779209,-121.908976,2018,40,
Oregon Fire,Butte,39.549167,-121.521111,2018,40,
Hidden Fire,San Benito,36.796,-121.40604,2018,39,
Masonic Fire,Shasta,40.60866,-122.38366,2018,38,
Adobe Fire,San Diego,32.78031,-117.06782,2018,38,
Mustang Fire,San Luis Obispo,35.64917,-120.71907,2018,37,
Martin Fire,Siskiyou,41.58233,-122.33769,2018,37,
Ridge Fire,Lake,38.981389,-122.97222,2018,36,
Winchester Fire,Riverside,33.640051,-117.085354,2018,36,
Brushy Fire,Mendocino,39.62194,-123.28774,2018,35,
Terra Fire,Riverside,33.759722,-117.460278,2018,35,
Corner Fire,Shasta,40.95673,-121.6002,2018,35,
Fairview Fire,San Benito,36.83036,-121.36446,2018,35,
Marcel Fire,Kern,35.17156,-118.51651,2018,34,
Patterson Fire,Alameda,37.71173,-121.55604,2018,34,
Horse Creek Fire,Tulare,36.42638,-118.70443,2018,34,
Nimshew Fire,Butte,39.84151,-121.62168,2018,33,
Lariat Fire,Tehama,40.00293,-122.44008,2018,33,
Creek Fire,San Bernardino,34.17711,-117.15381,2018,33,
Wilcox Fire,Tulare,0,0,2018,33,
Eagle Fire,Fresno,36.938674,-119.3127769,2018,32,
Country Fire,Riverside,33.97902,-117.20534,2018,32,
3-18 Fire,Lassen,41.08583,-121.05722,2018,32,
Creek Fire,Lake,38.886518,-122.476381,2018,32,
Vista Fire,Shasta,40.62693,-122.23449,2018,31,
Quimby Fire,Santa Clara,37.33563,-121.75815,2018,30,
Alhambra Fire,Contra Costa,37.99618,-122.14097,2018,30,
Creek Fire,Alameda,37.533026,-121.79733,2018,30,
Sobrante Fire,Riverside,33.85852,-117.43521,2018,30,
Rock Fire,San Luis Obispo,35.68539,-120.95157,2018,30,
Grant Fire,Sacramento,38.595865,-121.17693,2018,30,
Aqueduct Fire,Fresno,35.92436,-119.94083,2018,30,
Border Fire,San Diego,32.557566,-116.8663,2018,28,
Ager Fire,Siskiyou,41.791859,-122.513883,2018,27,
White Fire,Tulare,35.826333,-118.9821,2018,26,
Soboba Fire,Riverside,33.80406,-116.93188,2018,25,
Willow Fire,Contra Costa,38.015323,-121.998967,2018,25,
Vineyard Fire,San Luis Obispo,35.71859,-120.64028,2018,25,
Kelsey Fire,Lake,38.91842,-122.85276,2018,24,
Land Fire,Riverside,33.946896,-117.066643,2018,23,
Glen Fire,Contra Costa,37.99113,-121.86473,2018,23,
Plymire Fire,Tehama,40.201826,-122.29388,2018,23,
Wagner Fire,Mariposa,37.69965,-120.0545,2018,22,7
Meadow Fire,Riverside,33.86439,-117.48144,2018,21,
Morgan Fire,Contra Costa,37.81111,-121.7944,2018,20,
Niles Fire,Alameda,37.61158,-121.94182,2018,20,
Church Fire,Santa Clara,37.07793,-121.600023,2018,20,
Vallecitos Fire,Alameda,37.627119,-121.806775,2018,20,
Bridle Fire,Riverside,33.524412,-116.821724,2018,20,
70 Fire,Butte,39.602703,-121.617698,2018,20,
Portola Fire ,Los Angeles,34.110516,-118.427886,2018,20,
French Fire,Plumas,39.89075,-120.18499,2018,20,
Jacques Fire,San Diego,33.40178,-117.27467,2018,18,
Lago Fire,Riverside,33.88744,-117.16232,2018,18,
Rincon Fire,Santa Cruz,37.0125,-122.046,2018,17,
China Fire,Amador,38.265645,-120.892404,2018,17,
Ethanac Fire,Riverside,33.742,-117.28189,2018,17,
Oak Fire,Nevada,39.10494,-121.07039,2018,16,
Johnson Fire,Humboldt,41.34453,-123.85404,2018,16,
Keeler Fire,Santa Clara,37.21803,-121.76828,2018,16,
Iron Gate Fire,Siskiyou,41.94046,-122.43933,2018,15,
Essex Fire,Modoc,41.52123,-120.72362,2018,15,
Woodchuck Fire,Riverside,33.467999,-117.003829,2018,15,
Tyler Fire,Riverside,33.711263,-116.164058,2018,15,
Casner Fire,San Diego,33.05737,-116.77154,2018,14,
Camp Fire,San Luis Obispo,35.70086,-120.97339,2018,14,
3-2 Fire,Lassen,39.99309,-120.02137,2018,14,
Madison FIre,Yolo,38.64953,-122.01762,2018,14,
Ranchera Fire,Shasta,40.678889,-122.400556,2018,13,
Cinnamon Fire,San Diego,33.04898,-116.78928,2018,13,0
Coldwell Fire,Fresno,36.10499,-120.55324,2018,13,
Tower Fire,Shasta,40.49618,-122.51597,2018,12,
Meyers Fire,El Dorado,38.7448,-120.65672,2018,12,4
Gray Fire,San Bernardino,34.171786,-117.35606,2018,12,
School Fire,Madera,37.22791,-119.50461,2018,12,
Mission Fire,Marin,37.97638,-122.5275,2018,12,
Vista Fire,San Diego,33.40769,-117.22974,2018,12,
Meamber Fire,Siskiyou,41.64805,-122.98442,2018,12,
Resort Fire,San Luis Obispo,35.75737,-120.91793,2018,12,
Bellagio Fire,Napa,38.16303,-122.23059,2018,12,
Grant Fire,Alameda,37.73835,-121.6039,2018,12,
Volcan Fire,San Diego,33.12213,-116.58759,2018,12,
Dark Fire,Butte,39.66492,-121.51772,2018,11,
Cornerstone Fire,Madera,37.19817,-119.80414,2018,11,
Grande Fire,Riverside,33.47413,-117.31468,2018,11,
Rock Fire,Shasta,40.4635,-121.77419,2018,11,
Bear Fire ,Santa Cruz,37.12857,-122.12036,2018,10,
Green Hill Fire,Humboldt,40.888785,-124.001849,2018,10,
Powellton Fire,Butte,39.93427,-121.54103,2018,10,
Keller Fire,Riverside,33.627006,-117.171731,2018,10,
Syar Fire,Napa,38.27229,-122.26389,2018,10,
Lott Fire,Siskiyou,41.632373,-122.37985,2018,10,
Building Fire,San Diego,32.619855,-116.764733,2018,10,
Llano Fire,Butte,39.6139,-121.954098,2018,10,
Creek Fire,San Luis Obispo,35.05747,-120.39295,2018,10,12
Ranchita Fire,Monterey,35.77017,-120.57833,2018,10,
Pallet Fire,Sonoma,38.245151,-122.44408,2018,10,
Green Fire,San Diego,32.75072,-116.92404,2018,10,
Black Fire,Tehama,39.80827,-122.3307,2018,10,
Jardin Fire,Riverside,33.45014,-117.22215,2018,10,
70th Fire,Riverside,33.53924,-116.10231,2018,10,
Honey Flooding,Butte,39.71217,-121.77385,2018,0,
Grape Fire,Humboldt,40.70258,-123.55012,2018,0,
Montecito Flooding / Mudflows,Santa Barbara,0,0,2018,0,
Montecito Flooding / Mudflows,Ventura,0,0,2018,0,
Easy Fire,Ventura,34.282179,-118.803389,2019,1806,
Gaines Fire,Mariposa,37.536069,-120.177018,2019,1300,
Sandalwood Fire,Riverside,33.9925,-117.059167,2019,1011,74
Rawson Fire,Tehama,40.00171,-122.25421,2019,605,
Hill Fire ,Riverside,34.01778,-117.4625,2019,494,
Foothills Fire,Placer,38.838992,-121.325842,2019,355,
Cross Fire,Monterey,35.79069,-120.73102,2019,289,
Cross Fire,San Luis Obispo,35.79069,-120.73102,2019,289,
Valley Fire,Mariposa,37.241427,-120.027731,2019,149,
Mud Fire ,Fresno,36.319291,-120.460189,2019,137,
3-2 Willow (Previously H-1 Fire),Lassen,40.900458,-121.320838,2019,107,
Wolf Fire,Riverside,33.8615,-116.897333,2019,75,
Merrill Fire,Contra Costa,37.828267,-122.103867,2019,40,
Miller Fire,San Diego,33.259861,-117.027333,2019,37,3
Mines Fire,Alameda,37.62782,-121.68598,2019,35,
Rains Fire,Stanislaus,37.420988,-121.371276,2019,35,
Horse Fire,Shasta,40.463936,-122.435492,2019,30,
Whiskey Fire,Calaveras,38.115224,-120.78068,2019,27,
La Barisa Fire,San Bernardino,34.202883,-116.4449,2019,26,
Vista Fire,San Diego,32.794768,-116.839743,2019,25,
Chaparral Fire,El Dorado,38.538467,-120.965105,2019,22,
Mid Fire,Alameda,37.093243,-121.586846,2019,22,
Nustar Fire,Contra Costa,38.045866,-122.245186,2019,15,
Sage Fire,Riverside,33.463991,-116.914799,2019,12,
Wilson Fire,Mendocino,39.613783,-123.458782,2019,10,
Deer Fire,Santa Cruz,37.178353,-122.07743,2019,10,
Kincade Fire,Sonoma,38.792458,-122.780053,2019,77758,374
Walker Fire,Plumas,40.061389,-120.680556,2019,54612,
Tucker Fire,Modoc,41.79591,-121.260305,2019,14217,
Taboose Fire,Inyo,37.034,-118.345,2019,10296,
Maria Fire ,Ventura,34.302212,-118.997115,2019,9999,4
Red Bank Fire,Tehama,40.12,-122.64,2019,8838,2
Saddle Ridge Fire,Los Angeles,34.32988,-118.48161,2019,8799,19
Lone Fire,Modoc,41.748,-121.056,2019,5737,
Briceburg Fire,Mariposa,37.604638,-119.96606,2019,5563,1
South Fire,Tehama,40.109,-122.789,2019,5332,
Springs Fire,Mono,37.826,-118.872,2019,4840,
Tick Fire,Los Angeles,34.472778,-118.368056,2019,4615,22
Caples Fire,El Dorado,38.724,-120.145,2019,3435,
R-1 Fire,Lassen,40.593,-120.581,2019,3380,
Cave Fire (No Longer a CAL FIRE Incident),Santa Barbara,34.5025,-119.785,2019,3126,
Lonoak Fire,Monterey,36.28426,-120.94771,2019,2546,
Ranch Fire,Tehama,40.036379,-122.637837,2019,2534,
Sand Fire,Yolo,38.88978,-122.23922,2019,2512,7
Refuge Fire,Kern,35.72057,-119.62762,2019,2500,
Long Valley Fire ,Lassen,39.892222,-120.029722,2019,2438,
Rock Fire,Stanislaus,37.46577,-121.28312,2019,2422,
Cow Fire,Inyo,36.284,-118.228,2019,1975,
Tenaja,Riverside,33.528469,-117.273157,2019,1926,0
Lime Fire,Siskiyou,41.862237,-122.662258,2019,1872,
McMillan Fire,San Luis Obispo,35.66318,-120.41128,2019,1764,
Border 8 Fire,Mexico,32.573437,-116.658735,2019,1507,
West Butte Fire,Sutter,39.28926,-121.85906,2019,1350,
Ward Fire,State of Oregon,42.033,-122.175,2019,1301,
Jasper Fire,State of Nevada,39.631945,-119.769881,2019,1165,
Boulder Fire,San Luis Obispo,35.343761,-119.913717,2019,1127,
W1 McDonald Fire,Lassen,40.943799,-120.275298,2019,1020,
Gillis Fire,San Luis Obispo,35.63111111,-120.2691667,2019,974,
Belmont Fire,San Luis Obispo,35.30759,-119.96498,2019,835,
Marsh Complex,Contra Costa,37.908362,-121.872941,2019,757,
Creek Fire,Tulare,36.40193,-119.030621,2019,756,0
Getty Fire ,Los Angeles,34.098191,-118.478717,2019,745,
Burris Fire,Mendocino,39.22431,-123.12887,2019,703,
Baseline Fire ,Placer,38.751648,-121.432636,2019,604,
Mountain Fire,Shasta,40.715556,-122.241944,2019,600,14
Stuhr Fire,Stanislaus,37.25988,-121.09375,2019,600,
American Fire,Napa,38.165873,-122.211671,2019,526,1
Jerry Fire,Riverside,33.919507,-117.103765,2019,525,
Horseshoe Fire ,Riverside,33.4853,-117.043723,2019,520,
Swedes Fire,Butte,39.45296,-121.412619,2019,496,2
Caliente Fire,San Diego,32.575556,-117.026667,2019,448,
Mesa Fire ,Kern,35.60989,-118.41204,2019,448,
Hunter Fire,Mariposa,37.532028,-120.208019,2019,423,
Real Fire,Santa Barbara,34.484722,-120.190833,2019,420,
Broder Fire,Tulare,36.151,-118.185,2019,381,
Reche Fire,Riverside,33.975405,-117.207068,2019,350,1
46 Fire,Riverside,33.985972,-117.414111,2019,328,
Lake Fire,Monterey,35.908333,-120.984167,2019,316,
Hwy Fire,Butte,39.622137,-121.693472,2019,300,
Hollow Fire,San Joaquin,37.63206,-121.538382,2019,283,
Rams Horn Fire,Trinity,41.150392,-122.634108,2019,280,
Mill Fire,Monterey,36.008889,-121.466944,2019,280,
Snail Fire,Ventura,34.71011,-119.3547,2019,279,
Snowstorm Fire,Lassen,40.679318,-120.392768,2019,263,
R-6 Fire,Lassen,44.734,-120.606,2019,260,
Citrus Fire,Tulare,36.18479,-118.99229,2019,257,
Sycamore Fire,Riverside,33.9369,-117.3063,2019,250,
Henthorne Fire,Trinity,40.062304,-123.222196,2019,244,
Lake Fire,Mariposa,37.524378,-120.296551,2019,244,
Harte Fire,Alameda,37.708743,-121.841879,2019,240,
Kidder 2 Fire,Siskiyou,41.4929742,-123.2129356,2019,227,
Moose Fire,Mendocino,39.005262,-123.195306,2019,225,
Lopez Fire,San Luis Obispo,35.214364,-120.455883,2019,220,0
Wolf Fire ,Riverside,33.911,-116.980528,2019,214,
Madera Fire ,Madera,37.016944,-119.934167,2019,213,
Merced Fire ,Merced,37.312877,-120.242411,2019,210,
Malech Fire,Santa Clara,37.21638,-121.70768,2019,210,
Tejon Fire,Kern,34.9008333,-118.9183333,2019,208,
Lumgrey Fire,Siskiyou,39.28926,-121.85906,2019,207,
Milton Fire ,Stanislaus,37.944751,-120.84372,2019,202,
Hillside Fire,San Bernardino,34.183,-117.285,2019,200,
Cypress Complex,Contra Costa,37.99136,-121.64118,2019,200,
Olivas Fire,Ventura,34.23955,-119.20187,2019,200,
Dehesa Fire ,San Diego,32.787656,-116.806941,2019,200,
McMurray Fire,Santa Barbara,34.630919,-120.187368,2019,200,
Doyle Fire,Lassen,40.072739,-120.158273,2019,193,
Stuhr Fire ,Stanislaus,37.32585,-121.110146,2019,190,
Sargent Fire,Monterey,35.95191,-120.8092,2019,190,
Marshview Fire,Solano,38.158333,-122.118889,2019,183,
Vulcan Fire,Kern,35.03855,-119.19454,2019,172,
Bautista Fire,Riverside,33.635,-116.801111,2019,167,
Antelope Fire,San Benito,36.600167,-120.8405,2019,167,
York Fire,Kings,35.81778,-120.09715,2019,161,
Cottage Fire,Shasta,40.484329,-122.159393,2019,156,
Five Fire,Los Angeles,34.677864,-118.752395,2019,156,
Star Fire,San Bernardino,33.997528,-117.769766,2019,156,
Spruce Fire,Tulare,36.28001,-119.10974,2019,155,
Sky Fire ,Contra Costa,38.03545,-122.2241,2019,150,
Dehesa Fire,San Diego,32.767649,-116.796032,2019,150,
Dyer Fire,Placer,38.73817,-121.39419,2019,148,
Old Water Fire,San Bernardino,34.183624,-117.274276,2019,145,
Canyon Fire,Santa Clara,37.45899,-121.22093,2019,144,
Glencove Fire ,Solano,38.07205,-122.22463,2019,140,
Patterson Fire,Alameda,37.71734,-121.55867,2019,139,
Horse Fire,Lassen,40.562,-120.544,2019,131,
South Fire ,Ventura,34.366111,-118.96,2019,131,
R-1 Fire,Lassen,40.886677,-120.336977,2019,130,
Usal Fire,Mendocino,39.831762,-123.846013,2019,130,
Shady Fire,Riverside,33.650237,-116.172534,2019,130,
Reservoir Fire,Santa Clara,37.467744,-121.842751,2019,128,
Goose 2 Fire,Modoc,41.909,-120.306,2019,128,
Hill Fire,Fresno,36.66909,-119.3046,2019,121,
Weisgarber Fire,San Diego,33.39684,-117.29665,2019,120,
Bitter Fire ,San Luis Obispo,35.57376,-120.11738,2019,120,
Woody Fire,Kern,35.65189,-118.92545,2019,115,
West Fire ,Los Angeles,34.675542,-118.342239,2019,105,
Meadow Fire (Not a CAL FIRE incident),Modoc,41.43783,-120.23976,2019,103,
Range Fire,Santa Barbara,34.665699,-119.94974,2019,100,
Border Fire,San Diego,32.566389,-116.7525,2019,100,
Kennedy Fire,Riverside,33.900994,-117.170588,2019,98,
Sawday Fire ,San Diego,33.055124,-116.742508,2019,97,
Orange fire,Riverside,33.8128372,-117.1228851,2019,96,
Thompson Fire ,San Luis Obispo,35.004722,-120.435278,2019,95,
Toro Fire ,Riverside,33.740219,-117.333728,2019,94,
Wendy Fire,Ventura,34.156389,-118.950833,2019,91,
Bar Fire,Siskiyou,41.749667,-123.000833,2019,91,
Whiskey Fire,San Joaquin,37.962557,-121.468074,2019,90,
Trinity Fire,Shasta,40.41404,-122.66779,2019,90,
Country Fire,El Dorado,38.898915,-120.946657,2019,85,4
Browns Fire,Sacramento,38.3525,-121.123611,2019,84,
Tulloch Fire,Tuolumne,37.838333,-120.625556,2019,83,
Tree Fire,Siskiyou,41.834366,-122.656569,2019,83,
Timm Fire ,Solano,38.455,-121.969167,2019,81,
Milpas Fire,San Bernardino,34.42386,-117.10318,2019,81,
Meadow Fire,Riverside,33.514658,-116.7884,2019,81,
Nelson Fire ,Butte,39.551423,-121.800538,2019,80,
Ivy Fire,Riverside,33.77777348,-117.487578,2019,80,
Border 9 Fire,San Diego,32.57394,-116.760465,2019,80,
Sweigert Fire ,Santa Clara,37.433192,-121.807258,2019,80,
Lincoln Fire,Riverside,33.56938,-116.07896,2019,80,
Scott Fire,Yuba,39.24678,-121.32399,2019,80,
Scott Fire,Yuba,39.24678,-121.32399,2019,80,
Eagle Fire,Lake,39.100408,-122.496548,2019,75,
Coyote Fire,Santa Clara,37.18904,-121.694968,2019,74,
Levee Fire,Yuba,39.15641,-121.56363,2019,70,
Corning Fire ,Tehama,39.847708,-122.1604,2019,68,
Muir Fire,Marin,37.896231,-122.636471,2019,67,
Lynette Fire,Calaveras,38.20177,-120.827386,2019,67,
Jolon Fire,Monterey,35.906482,-120.992914,2019,66,
Sugar Fire,Placer,39.11536,-120.76088,2019,65,
Canyon Fire,Napa,38.481258,-122.143942,2019,64,
Elk Fire,Glenn,41.70611111,-123.4375,2019,63,
Paskenta Fire,Tehama,39.98097,-122.30737,2019,63,
Cabrillo Fire,San Mateo,37.166674,-122.361112,2019,62,
Bayliss Fire,Santa Clara,37.219717,-121.761974,2019,60,
Forbestown Fire,Butte,39.470333,-121.412333,2019,58,
Sellers Fire,Contra Costa,37.968494,-121.678172,2019,58,
Horse Fire,Lassen,40.387772,-120.304341,2019,55,
66 Fire,Riverside,33.57039,-116.1466,2019,55,
Oak Fire,Lake,38.955024,-122.833831,2019,53,1
Ranch Fire,San Luis Obispo,35.189783,-120.1755,2019,52,
Willow Fire,San Diego,32.87833333,-116.88,2019,52,
Copper Fire,San Diego,32.564583,-116.834583,2019,50,
Forest Fire,Contra Costa,37.97911,-122.11092,2019,50,
Prairie Fire ,Sacramento,38.622058,-121.114095,2019,50,
Ink Fire,Napa,38.63047,-122.47282,2019,50,
Meridian Fire,Butte,39.85484,-121.905,2019,50,
Aborn Fire,Santa Clara,37.32555556,-121.7644444,2019,47,
Springs Fire,Tulare,35.89593,-118.94106,2019,47,
Lower Fire,Shasta,40.46968,-122.54364,2019,46,
Paskenta Fire,Tehama,39.97083,-122.48277,2019,46,
Diversion Fire,Riverside,33.69078,-114.57265,2019,45,
Flood Fire ,San Joaquin,38.017138,-120.945044,2019,44,
Ardo Fire,Monterey,35.97059,-120.88241,2019,43,
Palisades Fire,Los Angeles,34.055768,-118.554091,2019,42,
Plains Fire,Shasta,40.4988,-122.19911,2019,42,
Far Fire,Yuba,39.06066,-121.35014,2019,38,
Jamieson Fire,Santa Clara,37.034183,-121.45597,2019,35,
Patterson Fire,El Dorado,38.652475,-120.826165,2019,35,
Community Fire,Siskiyou,41.838,-122.845,2019,35,
Calaveras Fire ,Santa Clara,37.44422,-121.84082,2019,35,
Redwood Fire,Riverside,33.854597,-117.270144,2019,34,
Yucca Fire,Riverside,33.4506,-116.857817,2019,34,
Heavy Range Fire,Yolo,39.171091,-121.423281,2019,33,
Yokohl Fire,Tulare,36.23012,-118.85712,2019,33,
Bitter Fire,San Luis Obispo,35.709176,-120.312856,2019,30,
Mare Fire,Solano,38.07944444,-122.2561111,2019,30,
Gilbert Fire,Shasta,40.55924,-122.25409,2019,30,
Ranch Fire,Shasta,40.41741,-122.767256,2019,30,
Mountain Fire,Alameda,37.75427,-121.57382,2019,30,
Girasol Fire,Riverside,0,0,2019,30,
Pilot Fire,Humboldt,40.61805556,-123.6755556,2019,30,
Point Fire ,Santa Clara,37.066483,-121.219163,2019,29,
Caliente Fire,Kern,35.287373,-118.623651,2019,29,
Glass Fire,Lake,38.910498,-122.642572,2019,28,
Otay Fire,San Diego,32.62305556,-116.9141667,2019,28,
Watt Fire,Placer,38.75263,-121.39259,2019,27,
Foothill Fire,Riverside,33.81678,-117.18194,2019,26,
Grove Fire,Lake,38.88913,-122.604425,2019,25,
Frame Fire,Fresno,36.154184,-120.634179,2019,25,
Border 10 Fire,Mexico,32.557546,-116.873955,2019,25,
Border 10 Fire,San Diego,32.557546,-116.873955,2019,25,
Bikeway Fire,Alameda,37.469,-121.3697,2019,25,
Bear Fire,Tulare,36.14246,-118.80582,2019,25,
Fellow Fire,Contra Costa,37.99837,-122.16201,2019,24,
Nelson Fire ,Solano,38.21416,-122.12214,2019,24,
Willow Fire,Contra Costa,38.02503,-121.9763,2019,23,
Border Fire,San Diego,32.557566,-116.8663,2019,22,
Preston Fire,Tuolumne,37.949747,-120.420058,2019,21,
Spring Fire ,Colusa,39.088333,-122.309167,2019,20,
Radio Fire,Riverside,33.909792,-117.004667,2019,20,
Golf Fire,Lake,38.99174,-122.7751,2019,20,
Gibbel Fire ,Riverside,33.69055556,-116.953889,2019,20,
Nuevo Fire,Riverside,33.80493,-117.15738,2019,20,
Sobrante Fire ,Riverside,33.849906,-117.461363,2019,19,
Warren Fire,Riverside,33.703546,-117.033598,2019,19,
Carroll Fire,Alameda,37.718636,-121.657011,2019,19,
Del Fire,Stanislaus,37.429506,-121.336465,2019,18,
Foster Fire ,San Benito,36.732866,-121.39478,2019,17,
Mines Fire,Santa Clara,37.494136,-121.534827,2019,17,
32 Fire,Butte,39.76242,-121.73659,2019,17,
Rocky Fire,Siskiyou,41.64895,-122.35962,2019,17,
Cow Fire,Shasta,40.612556,-122.039167,2019,16,
Greenstone Fire ,El Dorado,38.703889,-120.890556,2019,16,
Duzel Fire,Siskiyou,41.512917,-122.740333,2019,15,
Telephone Fire,San Bernardino,34.353667,-117.343833,2019,15,
Pauma Fire,San Diego,33.30267,-116.97772,2019,15,
Carson Fire,El Dorado,38.757636,-120.75664,2019,13,
Little Fire,Alameda,37.606,-121.853,2019,12,
Mayberry Fire ,Butte,39.32889,-121.23431,2019,12,
Beaumont Fire,San Bernardino,34.033117,-117.21545,2019,11,
Dales Fire,Tehama,40.314187,-122.070055,2019,11,
Bridge Fire,Stanislaus,37.492002,-120.401028,2019,11,
Mines Fire,Alameda,37.545167,-121.596667,2019,11,
Fairmont Fire,San Diego,32.762706,-117.097441,2019,10,
Inghram Fire,Tehama,39.847708,-122.160416,2019,10,1
Electra Fire,Amador,38.332083,-120.67131,2019,10,
Bailey Fire,Riverside,33.496633,-116.631106,2019,10,
Moms Fire ,Butte,39.423833,-121.579738,2019,10,
IronGate Fire,Siskiyou,41.94622,-122.40157,2019,10,
Cana Fire,Butte,39.83958,-121.957,2019,10,
Eagle Fire,Riverside,33.827979,-117.499619,2019,9,
Long Fire,Nevada,39.40972222,-121.0005556,2019,2,
Cashe Fire ,Yolo,38.734634,-121.729691,2019,,
Oak Fire,San Diego,33.351145,-117.403719,2019,,
Johnson Fire ,Riverside,33.45148,-116.05898,2019,,